ANZSCO_Code,Occupation_Title,SkillSelect_Tier,Assessing_Authority_Code,Assessing_Authority_Name,Pathway_List,Cutoff_Points_189,Cutoff_Points_190,Cutoff_Points_491,EOI_Pool_Total_189,EOI_Pool_Total_190,EOI_Pool_Total_491,Total_GSM_EOI_Backlog,Queue_100_Pts,Queue_95_Pts,Queue_90_Pts,Queue_85_Pts,Queue_80_Pts,Queue_75_Pts,Queue_70_Pts,Queue_65_Pts,DHA_Snapshot_Month
111111,Chief Executive or Managing Director,Tier 3 — MLTSSL Strategic Trades & Regional Skills,IML,Institute of Managers and Leaders,MLTSSL,75,70,65,0,0,0,0,0,0,0,0,0,0,0,0,2026-07-31
111211,Corporate General Manager,Tier 3 — MLTSSL Strategic Trades & Regional Skills,IML,Institute of Managers and Leaders,MLTSSL,75,70,65,0,0,0,0,0,0,0,0,0,0,0,0,2026-07-31
111212,Defence Force Senior Officers,Tier 3 — MLTSSL Strategic Trades & Regional Skills,IML,Institute of Managers and Leaders,MLTSSL,75,70,65,0,0,0,0,0,0,0,0,0,0,0,0,2026-07-31
111311,Local Government Legislators,Tier 4 — Short-Term / Regional State-Nominated Occupations,VETASSESS,Vocational Education and Training Assessment Services,STSOL,N/A (Not on 189 List),70,65,0,0,0,0,0,0,0,0,0,0,0,0,2026-07-31
111312,Members of Parliament,Tier 4 — Short-Term / Regional State-Nominated Occupations,VETASSESS,Vocational Education and Training Assessment Services,STSOL,N/A (Not on 189 List),70,65,0,0,0,0,0,0,0,0,0,0,0,0,2026-07-31
111399,Other Legislators,Tier 4 — Short-Term / Regional State-Nominated Occupations,VETASSESS,Vocational Education and Training Assessment Services,STSOL,N/A (Not on 189 List),70,65,0,0,0,0,0,0,0,0,0,0,0,0,2026-07-31
121211,Cotton Growers,Tier 4 — Short-Term / Regional State-Nominated Occupations,VETASSESS,Vocational Education and Training Assessment Services,STSOL,N/A (Not on 189 List),70,65,0,0,0,0,0,0,0,0,0,0,0,0,2026-07-31
121212,Flower Growers,Tier 4 — Short-Term / Regional State-Nominated Occupations,VETASSESS,Vocational Education and Training Assessment Services,STSOL,N/A (Not on 189 List),70,65,0,0,0,0,0,<20,0,0,<20,<20,<20,<20,2026-07-31
121213,Fruit and Nut Growers,Tier 4 — Short-Term / Regional State-Nominated Occupations,VETASSESS,Vocational Education and Training Assessment Services,STSOL,N/A (Not on 189 List),70,65,0,0,0,0,0,0,0,0,0,0,0,0,2026-07-31
121214,"Grain, Oilseed and Pasture Growers",Tier 4 — Short-Term / Regional State-Nominated Occupations,VETASSESS,Vocational Education and Training Assessment Services,STSOL,N/A (Not on 189 List),70,65,0,0,0,0,0,0,0,0,0,0,0,0,2026-07-31
121215,Grape Growers,Tier 4 — Short-Term / Regional State-Nominated Occupations,VETASSESS,Vocational Education and Training Assessment Services,STSOL,N/A (Not on 189 List),70,65,0,0,0,0,0,0,0,0,0,0,<20,0,2026-07-31
121216,Mixed Crop Farmers,Tier 4 — Short-Term / Regional State-Nominated Occupations,VETASSESS,Vocational Education and Training Assessment Services,STSOL,N/A (Not on 189 List),70,65,0,0,382,382,0,0,0,0,0,0,0,0,2026-07-31
121217,Sugar Cane Growers,Tier 4 — Short-Term / Regional State-Nominated Occupations,VETASSESS,Vocational Education and Training Assessment Services,STSOL,N/A (Not on 189 List),70,65,0,0,0,0,0,0,0,0,0,0,0,0,2026-07-31
121218,Turf Growers,Tier 4 — Short-Term / Regional State-Nominated Occupations,VETASSESS,Vocational Education and Training Assessment Services,STSOL,N/A (Not on 189 List),70,65,0,0,0,0,0,0,0,0,0,0,0,0,2026-07-31
121221,Vegetable Growers,Tier 4 — Short-Term / Regional State-Nominated Occupations,VETASSESS,Vocational Education and Training Assessment Services,STSOL,N/A (Not on 189 List),70,65,0,0,0,0,0,<20,<20,<20,<20,<20,<20,<20,2026-07-31
121299,Other Crop Farmers,Tier 4 — Short-Term / Regional State-Nominated Occupations,VETASSESS,Vocational Education and Training Assessment Services,STSOL,N/A (Not on 189 List),70,65,0,0,0,0,0,0,0,0,0,0,0,0,2026-09-30
121311,Beekeepers,Tier 4 — Short-Term / Regional State-Nominated Occupations,VETASSESS,Vocational Education and Training Assessment Services,STSOL,N/A (Not on 189 List),70,65,0,0,0,0,0,0,0,0,0,<20,0,0,2026-07-31
121312,Beef Cattle Farmers,Tier 4 — Short-Term / Regional State-Nominated Occupations,VETASSESS,Vocational Education and Training Assessment Services,STSOL,N/A (Not on 189 List),70,65,0,0,0,0,0,0,0,0,0,0,0,0,2026-07-31
121313,Dairy Cattle Farmers,Tier 4 — Short-Term / Regional State-Nominated Occupations,VETASSESS,Vocational Education and Training Assessment Services,STSOL,N/A (Not on 189 List),70,65,0,0,54,54,0,0,0,0,0,0,0,0,2026-09-30
121314,Deer Farmers,Tier 4 — Short-Term / Regional State-Nominated Occupations,VETASSESS,Vocational Education and Training Assessment Services,STSOL,N/A (Not on 189 List),70,65,0,0,0,0,0,0,0,0,0,0,0,0,2026-07-31
121315,Goat Farmers,Tier 4 — Short-Term / Regional State-Nominated Occupations,VETASSESS,Vocational Education and Training Assessment Services,STSOL,N/A (Not on 189 List),70,65,0,0,0,0,0,0,0,0,0,0,0,0,2026-07-31
121316,Horse Breeders,Tier 4 — Short-Term / Regional State-Nominated Occupations,VETASSESS,Vocational Education and Training Assessment Services,STSOL,N/A (Not on 189 List),70,65,0,0,0,0,0,0,0,0,0,0,0,0,2026-07-31
121317,Mixed Livestock Farmers,Tier 4 — Short-Term / Regional State-Nominated Occupations,VETASSESS,Vocational Education and Training Assessment Services,STSOL,N/A (Not on 189 List),70,65,0,0,0,0,0,0,0,0,0,0,0,0,2026-07-31
121318,Pig Farmers,Tier 4 — Short-Term / Regional State-Nominated Occupations,VETASSESS,Vocational Education and Training Assessment Services,STSOL,N/A (Not on 189 List),70,65,0,0,0,0,0,0,0,0,0,0,0,0,2026-07-31
121321,Poultry Farmers,Tier 4 — Short-Term / Regional State-Nominated Occupations,VETASSESS,Vocational Education and Training Assessment Services,STSOL,N/A (Not on 189 List),70,65,0,0,57,57,0,0,0,0,<20,<20,<20,<20,2026-07-31
121322,Sheep Farmers,Tier 4 — Short-Term / Regional State-Nominated Occupations,VETASSESS,Vocational Education and Training Assessment Services,STSOL,N/A (Not on 189 List),70,65,0,0,0,0,0,0,0,0,0,0,0,0,2026-09-30
121399,Other Livestock Farmers,Tier 4 — Short-Term / Regional State-Nominated Occupations,VETASSESS,Vocational Education and Training Assessment Services,STSOL,N/A (Not on 189 List),70,65,0,0,0,0,0,0,0,0,0,0,0,0,2026-07-31
131112,Sales and Marketing Manager,Tier 4 — Short-Term / Regional State-Nominated Occupations,IML,Institute of Managers and Leaders,STSOL,N/A (Not on 189 List),70,65,0,1043,1516,2559,<20,28,86,82,160,173,231,195,2026-07-31
131113,Advertising Manager,Tier 4 — Short-Term / Regional State-Nominated Occupations,IML,Institute of Managers and Leaders,STSOL,N/A (Not on 189 List),70,65,0,0,20,20,0,<20,<20,<20,<20,<20,<20,<20,2026-07-31
131114,Public Relations Manager,Tier 4 — Short-Term / Regional State-Nominated Occupations,IML,Institute of Managers and Leaders,STSOL,N/A (Not on 189 List),70,65,0,0,0,0,0,0,0,0,0,0,0,0,2026-07-31
132111,Corporate Services Manager,Tier 4 — Short-Term / Regional State-Nominated Occupations,IML,Institute of Managers and Leaders,STSOL,N/A (Not on 189 List),70,65,0,105,144,249,0,<20,<20,<20,28,<20,49,28,2026-07-31
132211,Finance Manager,Tier 4 — Short-Term / Regional State-Nominated Occupations,IML,Institute of Managers and Leaders,STSOL,N/A (Not on 189 List),70,65,0,1706,1876,3582,<20,82,142,201,346,332,332,201,2026-07-31
132311,Human Resource Manager,Tier 4 — Short-Term / Regional State-Nominated Occupations,IML,Institute of Managers and Leaders,STSOL,N/A (Not on 189 List),70,65,0,622,804,1426,<20,20,27,61,139,129,120,66,2026-07-31
132411,Policy and Planning Manager,Tier 4 — Short-Term / Regional State-Nominated Occupations,VETASSESS,Vocational Education and Training Assessment Services,STSOL,N/A (Not on 189 List),70,65,0,0,23,23,0,0,0,0,0,0,0,0,2026-07-31
132511,Research and Development Manager,Tier 4 — Short-Term / Regional State-Nominated Occupations,VETASSESS,Vocational Education and Training Assessment Services,STSOL,N/A (Not on 189 List),70,65,0,545,603,1148,<20,<20,34,74,115,83,146,64,2026-07-31
133111,Construction Project Manager,Tier 3 — MLTSSL Strategic Trades & Regional Skills,VETASSESS,Vocational Education and Training Assessment Services,MLTSSL,75,70,65,2457,7189,7079,16725,<20,<20,49,134,330,562,567,517,2026-07-31
133112,Project Builder,Tier 3 — MLTSSL Strategic Trades & Regional Skills,VETASSESS,Vocational Education and Training Assessment Services,MLTSSL,75,70,65,0,0,0,0,0,0,0,0,0,0,0,0,2026-07-31
133211,Engineering Manager,Tier 3 — MLTSSL Strategic Trades & Regional Skills,EA,Engineers Australia,MLTSSL,75,70,65,303,1066,1305,2674,0,0,<20,<20,26,64,73,83,2026-07-31
133311,Importer or Exporter,Tier 4 — Short-Term / Regional State-Nominated Occupations,VETASSESS,Vocational Education and Training Assessment Services,STSOL,N/A (Not on 189 List),70,65,0,0,0,0,0,0,0,0,0,0,0,0,2026-07-31
133312,Wholesaler,Tier 4 — Short-Term / Regional State-Nominated Occupations,VETASSESS,Vocational Education and Training Assessment Services,STSOL,N/A (Not on 189 List),70,65,0,0,0,0,0,0,0,0,0,0,0,0,2026-07-31
133411,Manufacturer,Tier 4 — Short-Term / Regional State-Nominated Occupations,VETASSESS,Vocational Education and Training Assessment Services,STSOL,N/A (Not on 189 List),70,65,0,64,195,259,0,<20,<20,<20,25,<20,39,<20,2026-07-31
133511,Production Manager (Forestry),Tier 4 — Short-Term / Regional State-Nominated Occupations,VETASSESS,Vocational Education and Training Assessment Services,STSOL,N/A (Not on 189 List),70,65,0,0,0,0,0,0,0,0,0,0,<20,0,2026-07-31
133512,Production Manager (Manufacturing),Tier 4 — Short-Term / Regional State-Nominated Occupations,VETASSESS,Vocational Education and Training Assessment Services,STSOL,N/A (Not on 189 List),70,65,0,1272,1949,3221,0,21,53,122,302,182,318,164,2026-07-31
133513,Production Manager (Mining),Tier 4 — Short-Term / Regional State-Nominated Occupations,VETASSESS,Vocational Education and Training Assessment Services,STSOL,N/A (Not on 189 List),70,65,0,0,25,25,0,0,<20,<20,<20,<20,0,<20,2026-07-31
133611,Supply and Distribution Manager,Tier 4 — Short-Term / Regional State-Nominated Occupations,IML,Institute of Managers and Leaders,STSOL,N/A (Not on 189 List),70,65,0,426,575,1001,<20,<20,27,23,116,58,89,88,2026-07-31
133612,Procurement Manager,Tier 4 — Short-Term / Regional State-Nominated Occupations,IML,Institute of Managers and Leaders,STSOL,N/A (Not on 189 List),70,65,0,0,121,121,0,0,0,0,0,0,0,0,2026-07-31
134111,Child Care Centre Manager,Tier 3 — MLTSSL Strategic Trades & Regional Skills,ACECQA,Australian Children's Education and Care Quality Authority,MLTSSL,75,70,65,0,0,0,0,<20,0,<20,<20,<20,<20,<20,<20,2026-07-31
134211,Medical Administrator,Tier 4 — Short-Term / Regional State-Nominated Occupations,VETASSESS,Vocational Education and Training Assessment Services,STSOL,N/A (Not on 189 List),70,65,0,0,24,24,0,0,0,0,0,0,0,0,2026-07-31
134212,Nursing Clinical Director,Tier 4 — Short-Term / Regional State-Nominated Occupations,VETASSESS,Vocational Education and Training Assessment Services,STSOL,N/A (Not on 189 List),70,65,0,0,0,0,0,0,0,0,<20,0,0,0,2026-07-31
134213,Primary Health Organisation Manager,Tier 4 — Short-Term / Regional State-Nominated Occupations,VETASSESS,Vocational Education and Training Assessment Services,STSOL,N/A (Not on 189 List),70,65,27,150,186,363,0,0,<20,0,<20,<20,<20,27,2026-07-31
134214,Welfare Centre Manager,Tier 4 — Short-Term / Regional State-Nominated Occupations,VETASSESS,Vocational Education and Training Assessment Services,STSOL,N/A (Not on 189 List),70,65,0,0,0,0,0,0,0,<20,<20,<20,<20,<20,2026-07-31
134299,Health and Welfare Services Managers nec,Tier 4 — Short-Term / Regional State-Nominated Occupations,VETASSESS,Vocational Education and Training Assessment Services,STSOL,N/A (Not on 189 List),70,65,0,452,654,1106,<20,<20,<20,59,47,136,144,66,2026-07-31
134311,School Principal,Tier 4 — Short-Term / Regional State-Nominated Occupations,VETASSESS,Vocational Education and Training Assessment Services,STSOL,N/A (Not on 189 List),70,65,0,25,114,139,0,0,<20,0,<20,<20,<20,<20,2026-07-31
134411,Faculty Head,Tier 4 — Short-Term / Regional State-Nominated Occupations,VETASSESS,Vocational Education and Training Assessment Services,STSOL,N/A (Not on 189 List),70,65,0,0,0,0,0,0,0,0,0,0,0,0,2026-07-31
134412,Regional Education Manager,Tier 4 — Short-Term / Regional State-Nominated Occupations,VETASSESS,Vocational Education and Training Assessment Services,STSOL,N/A (Not on 189 List),70,65,0,0,0,0,0,0,0,0,0,0,0,0,2026-07-31
134499,Education Managers nec,Tier 4 — Short-Term / Regional State-Nominated Occupations,VETASSESS,Vocational Education and Training Assessment Services,STSOL,N/A (Not on 189 List),70,65,0,29,30,59,0,<20,<20,<20,<20,<20,29,<20,2026-07-31
135111,Chief Information Officer,Tier 4 — Short-Term / Regional State-Nominated Occupations,ACS,Australian Computer Society,STSOL,N/A (Not on 189 List),70,65,0,0,0,0,0,0,0,0,0,0,0,0,2026-07-31
135112,ICT Project Manager,Tier 4 — Short-Term / Regional State-Nominated Occupations,ACS,Australian Computer Society,STSOL,N/A (Not on 189 List),70,65,0,2701,3192,5893,35,165,250,337,457,430,568,286,2026-07-31
135199,ICT Managers nec,Tier 4 — Short-Term / Regional State-Nominated Occupations,ACS,Australian Computer Society,STSOL,N/A (Not on 189 List),70,65,0,1069,1206,2275,22,66,97,113,131,197,211,175,2026-09-30
139111,Commissioned Defence Force Officers,Tier 4 — Short-Term / Regional State-Nominated Occupations,VETASSESS,Vocational Education and Training Assessment Services,STSOL,N/A (Not on 189 List),70,65,0,0,0,0,0,0,0,0,0,0,0,0,2026-07-31
139112,Commissioned Fire Officers,Tier 4 — Short-Term / Regional State-Nominated Occupations,VETASSESS,Vocational Education and Training Assessment Services,STSOL,N/A (Not on 189 List),70,65,0,0,0,0,0,0,0,0,0,0,0,0,2026-07-31
139113,Commissioned Police Officers,Tier 4 — Short-Term / Regional State-Nominated Occupations,VETASSESS,Vocational Education and Training Assessment Services,STSOL,N/A (Not on 189 List),70,65,0,0,0,0,0,0,0,0,0,0,0,0,2026-07-31
139911,Artistic Director,Tier 4 — Short-Term / Regional State-Nominated Occupations,VETASSESS,Vocational Education and Training Assessment Services,STSOL,N/A (Not on 189 List),70,65,0,0,20,20,0,<20,<20,<20,<20,<20,<20,<20,2026-07-31
139912,Environmental Manager,Tier 3 — MLTSSL Strategic Trades & Regional Skills,VETASSESS,Vocational Education and Training Assessment Services,MLTSSL,75,70,65,148,358,419,925,0,0,<20,<20,21,42,35,24,2026-07-31
139913,Laboratory Manager,Tier 4 — Short-Term / Regional State-Nominated Occupations,VETASSESS,Vocational Education and Training Assessment Services,STSOL,N/A (Not on 189 List),70,65,0,57,58,115,<20,<20,<20,<20,<20,26,31,<20,2026-07-31
139914,Quality Assurance Manager,Tier 4 — Short-Term / Regional State-Nominated Occupations,VETASSESS,Vocational Education and Training Assessment Services,STSOL,N/A (Not on 189 List),70,65,0,780,1068,1848,<20,<20,28,75,135,116,214,134,2026-07-31
139915,Sports Administrator,Tier 4 — Short-Term / Regional State-Nominated Occupations,VETASSESS,Vocational Education and Training Assessment Services,STSOL,N/A (Not on 189 List),70,65,0,0,0,0,0,0,0,0,0,0,0,0,2026-07-31
139999,Specialist Managers nec,Tier 4 — Short-Term / Regional State-Nominated Occupations,VETASSESS,Vocational Education and Training Assessment Services,STSOL,N/A (Not on 189 List),70,65,0,84,126,210,0,0,<20,<20,24,32,<20,28,2026-07-31
141111,Cafe or Restaurant Manager,Tier 4 — Short-Term / Regional State-Nominated Occupations,VETASSESS,Vocational Education and Training Assessment Services,STSOL,N/A (Not on 189 List),70,65,0,1594,2534,4128,<20,24,74,130,211,315,359,296,2026-07-31
141211,Caravan Park and Camping Ground Manager,Tier 4 — Short-Term / Regional State-Nominated Occupations,VETASSESS,Vocational Education and Training Assessment Services,STSOL,N/A (Not on 189 List),70,65,0,0,0,0,0,0,0,0,0,0,0,0,2026-07-31
141311,Hotel or Motel Manager,Tier 4 — Short-Term / Regional State-Nominated Occupations,VETASSESS,Vocational Education and Training Assessment Services,STSOL,N/A (Not on 189 List),70,65,0,616,904,1520,<20,<20,36,79,99,111,111,127,2026-07-31
141411,Licensed Club Manager,Tier 4 — Short-Term / Regional State-Nominated Occupations,VETASSESS,Vocational Education and Training Assessment Services,STSOL,N/A (Not on 189 List),70,65,0,0,0,0,0,0,0,0,0,0,0,0,2026-07-31
141911,Bed and Breakfast Operators,Tier 4 — Short-Term / Regional State-Nominated Occupations,VETASSESS,Vocational Education and Training Assessment Services,STSOL,N/A (Not on 189 List),70,65,0,0,0,0,0,0,0,0,0,0,0,0,2026-07-31
141912,Retirement Village Managers,Tier 4 — Short-Term / Regional State-Nominated Occupations,VETASSESS,Vocational Education and Training Assessment Services,STSOL,N/A (Not on 189 List),70,65,0,0,0,0,0,0,0,0,0,0,0,0,2026-07-31
141999,Accommodation and Hospitality Managers nec,Tier 4 — Short-Term / Regional State-Nominated Occupations,VETASSESS,Vocational Education and Training Assessment Services,STSOL,N/A (Not on 189 List),70,65,0,22,42,64,<20,<20,<20,<20,<20,<20,22,<20,2026-07-31
142111,Retail Managers (General),Tier 4 — Short-Term / Regional State-Nominated Occupations,VETASSESS,Vocational Education and Training Assessment Services,STSOL,N/A (Not on 189 List),70,65,0,0,0,0,0,0,0,0,0,0,0,0,2026-07-31
142112,Antique Dealers,Tier 4 — Short-Term / Regional State-Nominated Occupations,VETASSESS,Vocational Education and Training Assessment Services,STSOL,N/A (Not on 189 List),70,65,0,0,0,0,0,0,0,0,0,0,0,0,2026-07-31
142113,Betting Agency Managers,Tier 4 — Short-Term / Regional State-Nominated Occupations,VETASSESS,Vocational Education and Training Assessment Services,STSOL,N/A (Not on 189 List),70,65,0,0,0,0,0,0,0,0,0,0,0,0,2026-07-31
142114,Hair and Beauty Salon Managers,Tier 4 — Short-Term / Regional State-Nominated Occupations,VETASSESS,Vocational Education and Training Assessment Services,STSOL,N/A (Not on 189 List),70,65,0,0,0,0,0,0,0,0,0,0,0,0,2026-07-31
142115,Post Office Managers,Tier 4 — Short-Term / Regional State-Nominated Occupations,VETASSESS,Vocational Education and Training Assessment Services,STSOL,N/A (Not on 189 List),70,65,0,0,0,0,0,0,0,0,0,0,0,0,2026-07-31
142116,Travel Agency Managers,Tier 4 — Short-Term / Regional State-Nominated Occupations,VETASSESS,Vocational Education and Training Assessment Services,STSOL,N/A (Not on 189 List),70,65,0,0,0,0,0,0,0,0,0,0,0,0,2026-07-31
149111,Amusement Centre Managers,Tier 4 — Short-Term / Regional State-Nominated Occupations,VETASSESS,Vocational Education and Training Assessment Services,STSOL,N/A (Not on 189 List),70,65,0,0,0,0,0,0,0,0,0,0,0,0,2026-07-31
149112,Fitness Centre Managers,Tier 4 — Short-Term / Regional State-Nominated Occupations,VETASSESS,Vocational Education and Training Assessment Services,STSOL,N/A (Not on 189 List),70,65,0,0,27,27,0,0,0,0,0,0,0,0,2026-07-31
149113,Sports Centre Managers,Tier 4 — Short-Term / Regional State-Nominated Occupations,VETASSESS,Vocational Education and Training Assessment Services,STSOL,N/A (Not on 189 List),70,65,0,0,0,0,0,0,0,0,0,0,0,0,2026-07-31
149211,Call Centre or Contact Centre Managers,Tier 4 — Short-Term / Regional State-Nominated Occupations,VETASSESS,Vocational Education and Training Assessment Services,STSOL,N/A (Not on 189 List),70,65,0,0,0,0,0,0,0,0,0,0,0,0,2026-07-31
149212,Customer Service Managers,Tier 4 — Short-Term / Regional State-Nominated Occupations,VETASSESS,Vocational Education and Training Assessment Services,STSOL,N/A (Not on 189 List),70,65,0,574,930,1504,<20,<20,<20,48,106,81,199,87,2026-07-31
149411,Fleet Managers,Tier 4 — Short-Term / Regional State-Nominated Occupations,VETASSESS,Vocational Education and Training Assessment Services,STSOL,N/A (Not on 189 List),70,65,0,0,0,0,0,0,0,0,0,0,0,0,2026-07-31
149412,Railway Station Managers,Tier 4 — Short-Term / Regional State-Nominated Occupations,VETASSESS,Vocational Education and Training Assessment Services,STSOL,N/A (Not on 189 List),70,65,0,0,0,0,0,0,0,0,0,0,0,0,2026-07-31
149413,Transport Company Managers,Tier 4 — Short-Term / Regional State-Nominated Occupations,VETASSESS,Vocational Education and Training Assessment Services,STSOL,N/A (Not on 189 List),70,65,0,56,168,224,<20,0,<20,<20,<20,<20,35,21,2026-07-31
149911,Boarding Kennel and Cattery Operators,Tier 4 — Short-Term / Regional State-Nominated Occupations,VETASSESS,Vocational Education and Training Assessment Services,STSOL,N/A (Not on 189 List),70,65,0,0,0,0,0,0,0,0,0,0,0,0,2026-07-31
149912,Cinema and Theatre Managers,Tier 4 — Short-Term / Regional State-Nominated Occupations,VETASSESS,Vocational Education and Training Assessment Services,STSOL,N/A (Not on 189 List),70,65,0,0,0,0,0,0,0,0,0,0,0,0,2026-07-31
149913,Facilities Managers,Tier 4 — Short-Term / Regional State-Nominated Occupations,VETASSESS,Vocational Education and Training Assessment Services,STSOL,N/A (Not on 189 List),70,65,0,295,426,721,0,<20,<20,31,32,37,103,60,2026-07-31
149914,Bank Managers and Branch Managers,Tier 4 — Short-Term / Regional State-Nominated Occupations,VETASSESS,Vocational Education and Training Assessment Services,STSOL,N/A (Not on 189 List),70,65,0,0,1200,1200,0,0,0,0,0,0,0,0,2026-07-31
149915,Equipment Hire Managers,Tier 4 — Short-Term / Regional State-Nominated Occupations,VETASSESS,Vocational Education and Training Assessment Services,STSOL,N/A (Not on 189 List),70,65,0,0,0,0,0,0,0,0,0,0,0,0,2026-07-31
149999,"Hospitality, Retail and Service Managers (not covered elsewhere)",Tier 4 — Short-Term / Regional State-Nominated Occupations,VETASSESS,Vocational Education and Training Assessment Services,STSOL,N/A (Not on 189 List),70,65,0,0,0,0,0,0,0,0,0,0,0,0,2026-07-31
211111,Actors,Tier 4 — Short-Term / Regional State-Nominated Occupations,VETASSESS,Vocational Education and Training Assessment Services,STSOL,N/A (Not on 189 List),70,65,0,0,0,0,0,0,0,0,0,0,0,0,2026-07-31
211112,Dancers and Choreographers,Tier 4 — Short-Term / Regional State-Nominated Occupations,VETASSESS,Vocational Education and Training Assessment Services,STSOL,N/A (Not on 189 List),70,65,0,0,0,0,0,0,<20,<20,<20,<20,<20,<20,2026-07-31
211113,Entertainers and Variety Artists,Tier 4 — Short-Term / Regional State-Nominated Occupations,VETASSESS,Vocational Education and Training Assessment Services,STSOL,N/A (Not on 189 List),70,65,0,0,0,0,0,0,0,0,0,0,0,0,2026-07-31
211199,"Other Actors, Dancers and Entertainers",Tier 4 — Short-Term / Regional State-Nominated Occupations,VETASSESS,Vocational Education and Training Assessment Services,STSOL,N/A (Not on 189 List),70,65,0,0,0,0,0,0,0,0,0,0,0,0,2026-07-31
211211,Composers,Tier 4 — Short-Term / Regional State-Nominated Occupations,VETASSESS,Vocational Education and Training Assessment Services,STSOL,N/A (Not on 189 List),70,65,0,0,0,0,0,0,0,0,0,0,0,0,2026-07-31
211212,Music Directors,Tier 4 — Short-Term / Regional State-Nominated Occupations,VETASSESS,Vocational Education and Training Assessment Services,STSOL,N/A (Not on 189 List),70,65,0,0,0,0,0,0,0,0,<20,<20,<20,<20,2026-07-31
211213,Musicians,Tier 4 — Short-Term / Regional State-Nominated Occupations,VETASSESS,Vocational Education and Training Assessment Services,STSOL,N/A (Not on 189 List),70,65,0,0,0,0,0,0,0,<20,<20,<20,<20,<20,2026-07-31
211214,Singers,Tier 4 — Short-Term / Regional State-Nominated Occupations,VETASSESS,Vocational Education and Training Assessment Services,STSOL,N/A (Not on 189 List),70,65,0,0,0,0,0,0,0,0,0,0,0,0,2026-07-31
211299,Other Music Professionals,Tier 4 — Short-Term / Regional State-Nominated Occupations,VETASSESS,Vocational Education and Training Assessment Services,STSOL,N/A (Not on 189 List),70,65,0,0,0,0,0,0,0,0,<20,0,0,0,2026-07-31
211411,Painters (Visual Arts),Tier 4 — Short-Term / Regional State-Nominated Occupations,VETASSESS,Vocational Education and Training Assessment Services,STSOL,N/A (Not on 189 List),70,65,0,0,0,0,0,0,0,0,0,0,0,0,2026-07-31
211412,Potters and Ceramic Artists,Tier 4 — Short-Term / Regional State-Nominated Occupations,VETASSESS,Vocational Education and Training Assessment Services,STSOL,N/A (Not on 189 List),70,65,0,0,0,0,0,0,0,0,0,0,0,0,2026-07-31
211413,Sculptors,Tier 4 — Short-Term / Regional State-Nominated Occupations,VETASSESS,Vocational Education and Training Assessment Services,STSOL,N/A (Not on 189 List),70,65,0,0,0,0,0,0,0,0,0,0,0,0,2026-07-31
211499,Other Visual Arts or Crafts Professionals,Tier 4 — Short-Term / Regional State-Nominated Occupations,VETASSESS,Vocational Education and Training Assessment Services,STSOL,N/A (Not on 189 List),70,65,0,0,0,0,0,0,0,0,0,0,0,0,2026-07-31
212111,Artistic Director,Tier 4 — Short-Term / Regional State-Nominated Occupations,VETASSESS,Vocational Education and Training Assessment Services,STSOL,N/A (Not on 189 List),70,65,0,0,0,0,0,0,0,0,0,0,0,0,2026-07-31
212112,Media Producer,Tier 4 — Short-Term / Regional State-Nominated Occupations,VETASSESS,Vocational Education and Training Assessment Services,STSOL,N/A (Not on 189 List),70,65,0,0,0,0,0,0,0,0,0,0,0,0,2026-07-31
212113,Radio Presenter,Tier 4 — Short-Term / Regional State-Nominated Occupations,VETASSESS,Vocational Education and Training Assessment Services,STSOL,N/A (Not on 189 List),70,65,0,0,0,0,0,0,0,0,0,0,0,0,2026-07-31
212114,Television Presenter,Tier 4 — Short-Term / Regional State-Nominated Occupations,VETASSESS,Vocational Education and Training Assessment Services,STSOL,N/A (Not on 189 List),70,65,0,0,0,0,0,0,0,0,0,0,0,0,2026-07-31
212211,Authors,Tier 4 — Short-Term / Regional State-Nominated Occupations,VETASSESS,Vocational Education and Training Assessment Services,STSOL,N/A (Not on 189 List),70,65,0,0,0,0,0,0,0,0,0,0,0,0,2026-07-31
212212,Book and Script Editors,Tier 4 — Short-Term / Regional State-Nominated Occupations,VETASSESS,Vocational Education and Training Assessment Services,STSOL,N/A (Not on 189 List),70,65,0,0,0,0,0,0,0,<20,<20,0,<20,<20,2026-07-31
212311,"Art Directors (Film, Television or Stage)",Tier 4 — Short-Term / Regional State-Nominated Occupations,VETASSESS,Vocational Education and Training Assessment Services,STSOL,N/A (Not on 189 List),70,65,0,0,0,0,0,0,0,0,0,0,0,0,2026-07-31
212312,"Directors (Film, Television, Radio or Stage)",Tier 4 — Short-Term / Regional State-Nominated Occupations,VETASSESS,Vocational Education and Training Assessment Services,STSOL,N/A (Not on 189 List),70,65,0,0,0,0,0,0,<20,<20,<20,<20,<20,0,2026-07-31
212313,Cinematographers,Tier 4 — Short-Term / Regional State-Nominated Occupations,VETASSESS,Vocational Education and Training Assessment Services,STSOL,N/A (Not on 189 List),70,65,0,0,0,0,0,0,0,0,0,0,0,0,2026-07-31
212314,Film and Video Editors,Tier 4 — Short-Term / Regional State-Nominated Occupations,VETASSESS,Vocational Education and Training Assessment Services,STSOL,N/A (Not on 189 List),70,65,0,47,52,99,<20,<20,<20,<20,<20,21,26,<20,2026-07-31
212315,Program Directors (Television or Radio),Tier 4 — Short-Term / Regional State-Nominated Occupations,VETASSESS,Vocational Education and Training Assessment Services,STSOL,N/A (Not on 189 List),70,65,0,0,0,0,0,0,0,0,<20,<20,0,<20,2026-07-31
212316,Stage Managers,Tier 4 — Short-Term / Regional State-Nominated Occupations,VETASSESS,Vocational Education and Training Assessment Services,STSOL,N/A (Not on 189 List),70,65,0,0,0,0,0,0,0,<20,0,<20,0,<20,2026-07-31
212317,Technical Directors,Tier 4 — Short-Term / Regional State-Nominated Occupations,VETASSESS,Vocational Education and Training Assessment Services,STSOL,N/A (Not on 189 List),70,65,0,0,0,0,0,0,0,0,0,0,<20,<20,2026-07-31
212318,Video Producers,Tier 4 — Short-Term / Regional State-Nominated Occupations,VETASSESS,Vocational Education and Training Assessment Services,STSOL,N/A (Not on 189 List),70,65,0,41,0,41,<20,<20,<20,20,<20,21,<20,<20,2026-07-31
212399,"Other Film, Television, Radio and Stage Directors",Tier 4 — Short-Term / Regional State-Nominated Occupations,VETASSESS,Vocational Education and Training Assessment Services,STSOL,N/A (Not on 189 List),70,65,0,0,0,0,0,0,0,0,0,0,0,0,2026-07-31
212411,Copywriter,Tier 4 — Short-Term / Regional State-Nominated Occupations,VETASSESS,Vocational Education and Training Assessment Services,STSOL,N/A (Not on 189 List),70,65,0,140,177,317,0,<20,<20,33,73,<20,34,<20,2026-07-31
212412,Newspaper or Periodical Editor,Tier 4 — Short-Term / Regional State-Nominated Occupations,VETASSESS,Vocational Education and Training Assessment Services,STSOL,N/A (Not on 189 List),70,65,0,0,0,0,0,0,<20,<20,<20,<20,<20,<20,2026-07-31
212413,Print Journalist,Tier 4 — Short-Term / Regional State-Nominated Occupations,VETASSESS,Vocational Education and Training Assessment Services,STSOL,N/A (Not on 189 List),70,65,0,0,0,0,0,<20,<20,<20,<20,<20,<20,<20,2026-07-31
212414,Radio Journalist,Tier 4 — Short-Term / Regional State-Nominated Occupations,VETASSESS,Vocational Education and Training Assessment Services,STSOL,N/A (Not on 189 List),70,65,0,0,0,0,0,0,0,0,0,0,0,0,2026-07-31
212415,Television Journalist,Tier 4 — Short-Term / Regional State-Nominated Occupations,VETASSESS,Vocational Education and Training Assessment Services,STSOL,N/A (Not on 189 List),70,65,0,169,163,332,<20,<20,33,39,29,26,42,<20,2026-07-31
212416,Technical Writer,Tier 4 — Short-Term / Regional State-Nominated Occupations,VETASSESS,Vocational Education and Training Assessment Services,STSOL,N/A (Not on 189 List),70,65,0,0,0,0,<20,<20,<20,<20,<20,<20,<20,<20,2026-07-31
212499,Journalists and Other Writers nec,Tier 4 — Short-Term / Regional State-Nominated Occupations,VETASSESS,Vocational Education and Training Assessment Services,STSOL,N/A (Not on 189 List),70,65,0,20,0,20,0,<20,<20,<20,<20,20,<20,<20,2026-07-31
221111,Accountant (General),Tier 2 — Core Skills Occupation List (CSOL),CPA Australia,CPA Australia / CA ANZ / IPA,MLTSSL,80,75,65,7069,9216,9427,25712,103,339,581,916,1097,1313,1302,969,2026-07-31
221112,Management Accountant,Tier 2 — Core Skills Occupation List (CSOL),CPA Australia,CPA Australia / CA ANZ / IPA,MLTSSL,80,75,65,1673,2057,2163,5893,29,72,169,205,269,329,309,217,2026-07-31
221113,Taxation Accountant,Tier 2 — Core Skills Occupation List (CSOL),CPA Australia,CPA Australia / CA ANZ / IPA,MLTSSL,80,75,65,1986,1830,1761,5577,36,128,222,325,297,368,359,202,2026-07-31
221211,Company Secretaries,Tier 2 — Core Skills Occupation List (CSOL),VETASSESS,Vocational Education and Training Assessment Services,MLTSSL,80,75,65,0,67,157,224,0,0,<20,<20,30,<20,37,<20,2026-07-31
221212,Corporate Treasurers,Tier 2 — Core Skills Occupation List (CSOL),VETASSESS,Vocational Education and Training Assessment Services,MLTSSL,80,75,65,0,0,0,0,0,0,0,0,0,0,0,0,2026-07-31
221213,External Auditor,Tier 2 — Core Skills Occupation List (CSOL),CPA Australia,CPA Australia / CA ANZ / IPA,MLTSSL,80,75,65,3398,3581,3035,10014,<20,88,378,564,569,598,600,452,2026-07-31
221214,Internal Auditor,Tier 2 — Core Skills Occupation List (CSOL),VETASSESS,Vocational Education and Training Assessment Services,MLTSSL,80,75,65,560,1480,1727,3767,<20,<20,30,63,65,86,116,145,2026-07-31
222111,Commodities Traders,Tier 4 — Short-Term / Regional State-Nominated Occupations,VETASSESS,Vocational Education and Training Assessment Services,STSOL,N/A (Not on 189 List),70,65,0,0,0,0,0,<20,<20,<20,<20,<20,<20,<20,2026-07-31
222112,Finance Broker,Tier 4 — Short-Term / Regional State-Nominated Occupations,VETASSESS,Vocational Education and Training Assessment Services,STSOL,N/A (Not on 189 List),70,65,0,60,74,134,<20,<20,<20,<20,<20,33,27,<20,2026-07-31
222113,Insurance Brokers,Tier 4 — Short-Term / Regional State-Nominated Occupations,VETASSESS,Vocational Education and Training Assessment Services,STSOL,N/A (Not on 189 List),70,65,0,70,87,157,<20,<20,<20,<20,20,25,<20,25,2026-07-31
222199,Other Financial Brokers,Tier 4 — Short-Term / Regional State-Nominated Occupations,VETASSESS,Vocational Education and Training Assessment Services,STSOL,N/A (Not on 189 List),70,65,0,0,0,0,0,<20,0,<20,<20,<20,<20,0,2026-07-31
222211,Financial Market Dealers,Tier 4 — Short-Term / Regional State-Nominated Occupations,VETASSESS,Vocational Education and Training Assessment Services,STSOL,N/A (Not on 189 List),70,65,0,46,120,166,<20,<20,<20,<20,<20,<20,46,<20,2026-07-31
222212,Futures Traders,Tier 4 — Short-Term / Regional State-Nominated Occupations,VETASSESS,Vocational Education and Training Assessment Services,STSOL,N/A (Not on 189 List),70,65,0,0,0,0,0,0,0,0,0,0,0,0,2026-07-31
222213,Stockbrokers,Tier 4 — Short-Term / Regional State-Nominated Occupations,VETASSESS,Vocational Education and Training Assessment Services,STSOL,N/A (Not on 189 List),70,65,0,0,0,0,0,<20,<20,<20,<20,<20,<20,<20,2026-07-31
222299,Other Financial Dealers,Tier 4 — Short-Term / Regional State-Nominated Occupations,VETASSESS,Vocational Education and Training Assessment Services,STSOL,N/A (Not on 189 List),70,65,0,0,0,0,<20,0,<20,<20,<20,<20,<20,<20,2026-07-31
222311,Financial Investment Adviser,Tier 4 — Short-Term / Regional State-Nominated Occupations,VETASSESS,Vocational Education and Training Assessment Services,STSOL,N/A (Not on 189 List),70,65,0,1362,1741,3103,22,95,128,147,234,242,293,150,2026-07-31
222312,Financial Investment Manager,Tier 4 — Short-Term / Regional State-Nominated Occupations,VETASSESS,Vocational Education and Training Assessment Services,STSOL,N/A (Not on 189 List),70,65,0,41,42,83,0,<20,<20,<20,21,<20,<20,20,2026-07-31
223111,Human Resource Adviser,Tier 4 — Short-Term / Regional State-Nominated Occupations,VETASSESS,Vocational Education and Training Assessment Services,STSOL,N/A (Not on 189 List),70,65,0,0,3200,3200,0,0,0,0,0,0,0,0,2026-07-31
223112,Recruitment Consultant,Tier 4 — Short-Term / Regional State-Nominated Occupations,VETASSESS,Vocational Education and Training Assessment Services,STSOL,N/A (Not on 189 List),70,65,0,1513,1930,3443,<20,50,103,139,264,329,325,188,2026-07-31
223113,Workplace Relations Advisers,Tier 4 — Short-Term / Regional State-Nominated Occupations,VETASSESS,Vocational Education and Training Assessment Services,STSOL,N/A (Not on 189 List),70,65,0,0,0,0,0,0,0,0,0,0,0,0,2026-07-31
223211,ICT Trainer,Tier 4 — Short-Term / Regional State-Nominated Occupations,ACS,Australian Computer Society,STSOL,N/A (Not on 189 List),70,65,0,64,60,124,<20,<20,<20,<20,<20,21,21,22,2026-07-31
224111,Actuary,Tier 2 — Core Skills Occupation List (CSOL),VETASSESS,Vocational Education and Training Assessment Services,MLTSSL,80,75,65,189,243,52,484,0,<20,26,41,55,43,24,<20,2026-07-31
224112,Mathematician,Tier 4 — Short-Term / Regional State-Nominated Occupations,VETASSESS,Vocational Education and Training Assessment Services,STSOL,N/A (Not on 189 List),70,65,0,0,0,0,<20,<20,<20,<20,<20,<20,<20,<20,2026-07-31
224113,Statistician,Tier 2 — Core Skills Occupation List (CSOL),VETASSESS,Vocational Education and Training Assessment Services,MLTSSL,80,75,65,698,978,552,2228,<20,37,136,127,117,111,77,66,2026-07-31
224211,Archivists,Tier 4 — Short-Term / Regional State-Nominated Occupations,VETASSESS,Vocational Education and Training Assessment Services,STSOL,N/A (Not on 189 List),70,65,0,0,0,0,0,0,0,0,0,0,0,0,2026-07-31
224212,Gallery and Museum Curators,Tier 4 — Short-Term / Regional State-Nominated Occupations,VETASSESS,Vocational Education and Training Assessment Services,STSOL,N/A (Not on 189 List),70,65,0,0,0,0,0,0,<20,0,<20,0,0,0,2026-07-31
224213,Health Information Managers,Tier 4 — Short-Term / Regional State-Nominated Occupations,VETASSESS,Vocational Education and Training Assessment Services,STSOL,N/A (Not on 189 List),70,65,0,204,244,448,<20,<20,<20,23,40,33,51,36,2026-07-31
224214,Records Managers,Tier 4 — Short-Term / Regional State-Nominated Occupations,VETASSESS,Vocational Education and Training Assessment Services,STSOL,N/A (Not on 189 List),70,65,0,0,0,0,0,0,<20,0,<20,<20,<20,<20,2026-07-31
224411,Intelligence Officers,Tier 4 — Short-Term / Regional State-Nominated Occupations,VETASSESS,Vocational Education and Training Assessment Services,STSOL,N/A (Not on 189 List),70,65,0,0,0,0,0,0,0,0,0,0,0,0,2026-07-31
224412,Policy Analysts,Tier 4 — Short-Term / Regional State-Nominated Occupations,VETASSESS,Vocational Education and Training Assessment Services,STSOL,N/A (Not on 189 List),70,65,0,0,117,117,0,0,0,0,0,0,0,0,2026-07-31
224511,Land Economists,Tier 4 — Short-Term / Regional State-Nominated Occupations,VETASSESS,Vocational Education and Training Assessment Services,STSOL,N/A (Not on 189 List),70,65,0,0,0,0,0,0,<20,<20,<20,<20,<20,<20,2026-07-31
224512,Valuers,Tier 4 — Short-Term / Regional State-Nominated Occupations,VETASSESS,Vocational Education and Training Assessment Services,STSOL,N/A (Not on 189 List),70,65,48,51,21,120,0,0,0,<20,<20,26,22,<20,2026-07-31
224711,Management Consultant,Tier 2 — Core Skills Occupation List (CSOL),VETASSESS,Vocational Education and Training Assessment Services,MLTSSL,80,75,65,619,1393,1108,3120,0,<20,47,81,115,139,103,102,2026-07-31
224712,Organisation and Methods Analyst,Tier 4 — Short-Term / Regional State-Nominated Occupations,VETASSESS,Vocational Education and Training Assessment Services,STSOL,N/A (Not on 189 List),70,65,0,1475,1929,3404,<20,71,113,145,301,256,299,227,2026-07-31
224911,Electorate Officers,Tier 4 — Short-Term / Regional State-Nominated Occupations,VETASSESS,Vocational Education and Training Assessment Services,STSOL,N/A (Not on 189 List),70,65,0,0,0,0,0,0,0,0,0,0,0,0,2026-07-31
224912,Liaison Officers,Tier 4 — Short-Term / Regional State-Nominated Occupations,VETASSESS,Vocational Education and Training Assessment Services,STSOL,N/A (Not on 189 List),70,65,0,0,20,20,0,0,0,0,0,0,0,0,2026-07-31
224913,Migration Agents,Tier 4 — Short-Term / Regional State-Nominated Occupations,VETASSESS,Vocational Education and Training Assessment Services,STSOL,N/A (Not on 189 List),70,65,0,0,0,0,0,0,0,0,0,0,0,0,2026-07-31
224914,Patents Examiners,Tier 4 — Short-Term / Regional State-Nominated Occupations,VETASSESS,Vocational Education and Training Assessment Services,STSOL,N/A (Not on 189 List),70,65,0,0,0,0,0,0,0,<20,<20,<20,<20,<20,2026-07-31
224999,Information and Organisation Professionals (not covered elsewhere),Tier 4 — Short-Term / Regional State-Nominated Occupations,VETASSESS,Vocational Education and Training Assessment Services,STSOL,N/A (Not on 189 List),70,65,0,3951,4938,8889,89,264,370,391,577,664,792,580,2026-07-31
225111,Advertising Specialist,Tier 4 — Short-Term / Regional State-Nominated Occupations,VETASSESS,Vocational Education and Training Assessment Services,STSOL,N/A (Not on 189 List),70,65,0,623,609,1232,<20,32,53,73,104,140,115,82,2026-07-31
225112,Market Research Analyst,Tier 4 — Short-Term / Regional State-Nominated Occupations,VETASSESS,Vocational Education and Training Assessment Services,STSOL,N/A (Not on 189 List),70,65,0,0,204,204,0,0,0,0,0,0,0,0,2026-07-31
225113,Marketing Specialist,Tier 4 — Short-Term / Regional State-Nominated Occupations,VETASSESS,Vocational Education and Training Assessment Services,STSOL,N/A (Not on 189 List),70,65,0,6109,7274,13383,75,359,667,724,1070,1018,1060,796,2026-07-31
225211,ICT Account Managers,Tier 4 — Short-Term / Regional State-Nominated Occupations,VETASSESS,Vocational Education and Training Assessment Services,STSOL,N/A (Not on 189 List),70,65,0,193,205,398,<20,<20,24,48,50,23,27,21,2026-07-31
225212,ICT Business Development Managers,Tier 4 — Short-Term / Regional State-Nominated Occupations,VETASSESS,Vocational Education and Training Assessment Services,STSOL,N/A (Not on 189 List),70,65,0,276,325,601,0,<20,21,29,42,47,90,47,2026-07-31
225213,ICT Sales Representatives,Tier 4 — Short-Term / Regional State-Nominated Occupations,VETASSESS,Vocational Education and Training Assessment Services,STSOL,N/A (Not on 189 List),70,65,0,225,254,479,<20,<20,<20,24,30,31,71,43,2026-07-31
225311,Public Relations Professional,Tier 4 — Short-Term / Regional State-Nominated Occupations,VETASSESS,Vocational Education and Training Assessment Services,STSOL,N/A (Not on 189 List),70,65,0,593,649,1242,<20,20,63,70,123,133,92,66,2026-07-31
225411,Sales Representatives (Industrial Products),Tier 4 — Short-Term / Regional State-Nominated Occupations,VETASSESS,Vocational Education and Training Assessment Services,STSOL,N/A (Not on 189 List),70,65,0,0,0,0,0,0,0,0,0,0,0,0,2026-07-31
225412,Sales Representatives (Medical and Pharmaceutical Products),Tier 4 — Short-Term / Regional State-Nominated Occupations,VETASSESS,Vocational Education and Training Assessment Services,STSOL,N/A (Not on 189 List),70,65,0,0,0,0,0,0,0,0,0,0,0,0,2026-07-31
225499,Other Technical Sales Representatives,Tier 4 — Short-Term / Regional State-Nominated Occupations,VETASSESS,Vocational Education and Training Assessment Services,STSOL,N/A (Not on 189 List),70,65,0,137,177,314,0,0,<20,<20,27,24,25,38,2026-07-31
231111,Aeroplane Pilots,Tier 4 — Short-Term / Regional State-Nominated Occupations,VETASSESS,Vocational Education and Training Assessment Services,STSOL,N/A (Not on 189 List),70,65,0,0,0,0,0,0,0,0,0,0,0,0,2026-07-31
231112,Air Traffic Controllers,Tier 4 — Short-Term / Regional State-Nominated Occupations,VETASSESS,Vocational Education and Training Assessment Services,STSOL,N/A (Not on 189 List),70,65,0,0,0,0,0,0,0,0,0,0,0,0,2026-07-31
231113,Flying Instructors,Tier 4 — Short-Term / Regional State-Nominated Occupations,VETASSESS,Vocational Education and Training Assessment Services,STSOL,N/A (Not on 189 List),70,65,0,0,0,0,0,0,0,0,0,0,0,0,2026-07-31
231114,Helicopter Pilots,Tier 4 — Short-Term / Regional State-Nominated Occupations,VETASSESS,Vocational Education and Training Assessment Services,STSOL,N/A (Not on 189 List),70,65,0,0,0,0,0,0,0,0,0,0,0,0,2026-07-31
231199,Other Air Transport Professionals,Tier 4 — Short-Term / Regional State-Nominated Occupations,VETASSESS,Vocational Education and Training Assessment Services,STSOL,N/A (Not on 189 List),70,65,0,0,0,0,0,0,0,0,0,0,0,0,2026-07-31
231211,Master Fishers,Tier 4 — Short-Term / Regional State-Nominated Occupations,VETASSESS,Vocational Education and Training Assessment Services,STSOL,N/A (Not on 189 List),70,65,0,0,0,0,0,0,0,0,0,0,0,0,2026-07-31
231212,Marine Engineers,Tier 4 — Short-Term / Regional State-Nominated Occupations,EA,Engineers Australia,STSOL,N/A (Not on 189 List),70,65,0,0,0,0,0,0,0,0,0,0,0,0,2026-07-31
231213,Ship's Masters,Tier 4 — Short-Term / Regional State-Nominated Occupations,VETASSESS,Vocational Education and Training Assessment Services,STSOL,N/A (Not on 189 List),70,65,0,0,22,22,0,0,0,0,0,0,0,0,2026-07-31
231214,Ship's Officers,Tier 4 — Short-Term / Regional State-Nominated Occupations,VETASSESS,Vocational Education and Training Assessment Services,STSOL,N/A (Not on 189 List),70,65,0,0,0,0,0,0,0,0,0,0,0,0,2026-07-31
231215,Marine Surveyors,Tier 4 — Short-Term / Regional State-Nominated Occupations,VETASSESS,Vocational Education and Training Assessment Services,STSOL,N/A (Not on 189 List),70,65,0,0,0,0,0,0,0,0,0,0,0,0,2026-07-31
231299,Other Marine Transport Professionals,Tier 4 — Short-Term / Regional State-Nominated Occupations,VETASSESS,Vocational Education and Training Assessment Services,STSOL,N/A (Not on 189 List),70,65,0,0,0,0,0,0,0,0,0,0,0,0,2026-07-31
232111,Architect,Tier 2 — Core Skills Occupation List (CSOL),AACA,Architects Accreditation Council of Australia,MLTSSL,80,75,65,1170,1565,856,3591,0,<20,36,153,238,275,220,164,2026-07-31
232112,Landscape Architect,Tier 2 — Core Skills Occupation List (CSOL),VETASSESS,Vocational Education and Training Assessment Services,MLTSSL,80,75,65,236,412,208,856,0,0,<20,24,38,54,54,45,2026-07-31
232212,Surveyor,Tier 2 — Core Skills Occupation List (CSOL),VETASSESS,Vocational Education and Training Assessment Services,MLTSSL,80,75,65,146,321,378,845,0,0,<20,<20,<20,25,36,58,2026-07-31
232213,Cartographer,Tier 2 — Core Skills Occupation List (CSOL),VETASSESS,Vocational Education and Training Assessment Services,MLTSSL,80,75,65,0,0,0,0,0,0,0,<20,<20,<20,<20,<20,2026-07-31
232214,Other Spatial Scientist,Tier 2 — Core Skills Occupation List (CSOL),VETASSESS,Vocational Education and Training Assessment Services,MLTSSL,80,75,65,71,223,185,479,<20,0,<20,<20,<20,28,23,20,2026-07-31
232311,Fashion Designer,Tier 4 — Short-Term / Regional State-Nominated Occupations,VETASSESS,Vocational Education and Training Assessment Services,STSOL,N/A (Not on 189 List),70,65,0,153,227,380,<20,<20,20,<20,27,34,72,<20,2026-07-31
232312,Industrial Designer,Tier 4 — Short-Term / Regional State-Nominated Occupations,VETASSESS,Vocational Education and Training Assessment Services,STSOL,N/A (Not on 189 List),70,65,0,167,130,297,0,<20,<20,21,27,43,53,<20,2026-07-31
232313,Jewellery Designers,Tier 4 — Short-Term / Regional State-Nominated Occupations,VETASSESS,Vocational Education and Training Assessment Services,STSOL,N/A (Not on 189 List),70,65,0,0,0,0,0,0,0,<20,<20,<20,0,<20,2026-07-31
232411,Graphic Designer,Tier 4 — Short-Term / Regional State-Nominated Occupations,VETASSESS,Vocational Education and Training Assessment Services,STSOL,N/A (Not on 189 List),70,65,0,985,1168,2153,<20,25,107,96,183,156,196,127,2026-07-31
232412,Illustrator,Tier 4 — Short-Term / Regional State-Nominated Occupations,VETASSESS,Vocational Education and Training Assessment Services,STSOL,N/A (Not on 189 List),70,65,0,0,0,0,0,<20,0,<20,<20,<20,<20,<20,2026-07-31
232413,Multimedia Designers,Tier 4 — Short-Term / Regional State-Nominated Occupations,VETASSESS,Vocational Education and Training Assessment Services,STSOL,N/A (Not on 189 List),70,65,0,0,109,109,0,0,0,0,0,0,0,0,2026-07-31
232414,Web Designers,Tier 4 — Short-Term / Regional State-Nominated Occupations,VETASSESS,Vocational Education and Training Assessment Services,STSOL,N/A (Not on 189 List),70,65,0,491,703,1194,<20,<20,41,75,131,89,82,53,2026-07-31
232511,Interior Designer,Tier 4 — Short-Term / Regional State-Nominated Occupations,VETASSESS,Vocational Education and Training Assessment Services,STSOL,N/A (Not on 189 List),70,65,0,378,375,753,<20,<20,32,36,84,59,95,45,2026-07-31
232611,Urban and Regional Planner,Tier 2 — Core Skills Occupation List (CSOL),VETASSESS,Vocational Education and Training Assessment Services,MLTSSL,80,75,65,0,618,619,1237,<20,<20,58,100,114,122,151,42,2026-07-31
233111,Chemical Engineer,Tier 2 — Core Skills Occupation List (CSOL),EA,Engineers Australia,MLTSSL,80,75,65,1510,2976,3032,7518,<20,34,108,175,273,290,258,226,2026-07-31
233112,Materials Engineer,Tier 2 — Core Skills Occupation List (CSOL),EA,Engineers Australia,MLTSSL,80,75,65,264,484,452,1200,<20,<20,26,38,63,47,39,51,2026-07-31
233211,Civil Engineer,Tier 2 — Core Skills Occupation List (CSOL),EA,Engineers Australia,MLTSSL,80,75,65,8755,15807,16256,40818,40,211,547,970,1263,1570,1601,1518,2026-07-31
233212,Geotechnical Engineer,Tier 2 — Core Skills Occupation List (CSOL),EA,Engineers Australia,MLTSSL,80,75,65,228,398,359,985,<20,<20,26,32,38,47,57,28,2026-07-31
233213,Quantity Surveyor,Tier 2 — Core Skills Occupation List (CSOL),EA,Engineers Australia,MLTSSL,80,75,65,1057,1531,1118,3706,<20,<20,66,120,158,215,215,187,2026-07-31
233214,Structural Engineer,Tier 2 — Core Skills Occupation List (CSOL),EA,Engineers Australia,MLTSSL,80,75,65,679,1453,1192,3324,<20,<20,55,90,107,145,130,115,2026-07-31
233215,Transport Engineer,Tier 2 — Core Skills Occupation List (CSOL),EA,Engineers Australia,MLTSSL,80,75,65,175,421,390,986,<20,<20,<20,23,41,41,31,39,2026-07-31
233311,Electrical Engineer,Tier 2 — Core Skills Occupation List (CSOL),EA,Engineers Australia,MLTSSL,80,75,65,4327,8285,9381,21993,28,109,310,466,639,717,745,731,2026-07-31
233411,Electronics Engineer,Tier 2 — Core Skills Occupation List (CSOL),EA,Engineers Australia,MLTSSL,80,75,65,2780,4944,5572,13296,<20,331,158,307,338,407,411,455,2026-07-31
233511,Industrial Engineer,Tier 2 — Core Skills Occupation List (CSOL),EA,Engineers Australia,MLTSSL,80,75,65,679,1527,1598,3804,<20,<20,54,78,94,123,116,144,2026-07-31
233512,Mechanical Engineer,Tier 2 — Core Skills Occupation List (CSOL),EA,Engineers Australia,MLTSSL,80,75,65,7543,15035,16671,39249,51,221,612,996,1021,1311,1219,1167,2026-07-31
233513,Production or Plant Engineer,Tier 2 — Core Skills Occupation List (CSOL),EA,Engineers Australia,MLTSSL,80,75,65,669,1721,2044,4434,<20,<20,38,82,90,142,119,129,2026-07-31
233611,Mining Engineer (excluding Petroleum),Tier 2 — Core Skills Occupation List (CSOL),EA,Engineers Australia,MLTSSL,80,75,65,479,853,961,2293,0,<20,<20,35,49,107,113,138,2026-09-30
233612,Petroleum Engineer,Tier 2 — Core Skills Occupation List (CSOL),EA,Engineers Australia,MLTSSL,80,75,65,229,453,473,1155,0,<20,<20,<20,48,53,61,47,2026-07-31
233911,Aeronautical Engineer,Tier 2 — Core Skills Occupation List (CSOL),EA,Engineers Australia,MLTSSL,80,75,65,371,557,546,1474,<20,<20,23,60,87,64,60,49,2026-07-31
233912,Agricultural Engineer,Tier 2 — Core Skills Occupation List (CSOL),EA,Engineers Australia,MLTSSL,80,75,65,101,168,300,569,0,<20,<20,<20,<20,28,22,51,2026-07-31
233913,Biomedical Engineer,Tier 2 — Core Skills Occupation List (CSOL),EA,Engineers Australia,MLTSSL,80,75,65,479,1041,1025,2545,<20,<20,46,94,79,72,84,77,2026-07-31
233914,Engineering Technologist,Tier 2 — Core Skills Occupation List (CSOL),EA,Engineers Australia,MLTSSL,80,75,65,5914,10048,11725,27687,50,169,411,744,787,909,1069,967,2026-07-31
233915,Environmental Engineer,Tier 2 — Core Skills Occupation List (CSOL),EA,Engineers Australia,MLTSSL,80,75,65,402,642,525,1569,<20,<20,39,67,83,74,53,62,2026-07-31
233916,Naval Architect,Tier 2 — Core Skills Occupation List (CSOL),EA,Engineers Australia,MLTSSL,80,75,65,0,67,32,99,0,<20,<20,<20,<20,23,44,<20,2026-07-31
233999,Engineering Professionals nec,Tier 2 — Core Skills Occupation List (CSOL),EA,Engineers Australia,MLTSSL,80,75,65,1352,1893,1696,4941,21,67,118,223,249,206,184,173,2026-07-31
234111,Agricultural Consultant,Tier 2 — Core Skills Occupation List (CSOL),VETASSESS,Vocational Education and Training Assessment Services,MLTSSL,80,75,65,888,1797,2344,5029,0,<20,<20,39,117,172,163,275,2026-07-31
234112,Agricultural Scientist,Tier 2 — Core Skills Occupation List (CSOL),VETASSESS,Vocational Education and Training Assessment Services,MLTSSL,80,75,65,231,452,383,1066,<20,<20,<20,30,47,48,58,48,2026-07-31
234113,Forester / Forest Scientist,Tier 4 — Short-Term / Regional State-Nominated Occupations,VETASSESS,Vocational Education and Training Assessment Services,STSOL,N/A (Not on 189 List),70,65,23,25,25,73,0,0,<20,<20,<20,<20,<20,23,2026-07-31
234211,Chemist,Tier 4 — Short-Term / Regional State-Nominated Occupations,VETASSESS,Vocational Education and Training Assessment Services,STSOL,N/A (Not on 189 List),70,65,636,1426,1768,3830,<20,<20,21,78,94,140,85,160,2026-07-31
234212,Food Technologist,Tier 2 — Core Skills Occupation List (CSOL),VETASSESS,Vocational Education and Training Assessment Services,MLTSSL,80,75,65,763,1413,1429,3605,0,<20,37,99,116,172,132,132,2026-07-31
234213,Wine Makers,Tier 4 — Short-Term / Regional State-Nominated Occupations,VETASSESS,Vocational Education and Training Assessment Services,STSOL,N/A (Not on 189 List),70,65,0,0,0,0,0,0,0,0,0,0,0,0,2026-09-30
234311,Conservation Officer,Tier 2 — Core Skills Occupation List (CSOL),VETASSESS,Vocational Education and Training Assessment Services,MLTSSL,80,75,65,0,0,0,0,0,0,0,0,0,0,0,0,2026-07-31
234312,Environmental Consultant,Tier 2 — Core Skills Occupation List (CSOL),VETASSESS,Vocational Education and Training Assessment Services,MLTSSL,80,75,65,451,835,694,1980,<20,<20,23,59,61,100,93,90,2026-07-31
234313,Environmental Research Scientist,Tier 2 — Core Skills Occupation List (CSOL),VETASSESS,Vocational Education and Training Assessment Services,MLTSSL,80,75,65,77,219,129,425,<20,<20,<20,20,<20,28,29,<20,2026-07-31
234314,Park Rangers,Tier 4 — Short-Term / Regional State-Nominated Occupations,VETASSESS,Vocational Education and Training Assessment Services,STSOL,N/A (Not on 189 List),70,65,0,0,0,0,0,0,0,0,0,0,0,0,2026-07-31
234399,Environmental Scientists nec,Tier 2 — Core Skills Occupation List (CSOL),VETASSESS,Vocational Education and Training Assessment Services,MLTSSL,80,75,65,0,0,0,0,0,<20,<20,<20,<20,<20,<20,<20,2026-07-31
234411,Geologist,Tier 2 — Core Skills Occupation List (CSOL),VETASSESS,Vocational Education and Training Assessment Services,MLTSSL,80,75,65,0,626,688,1314,<20,36,59,51,130,119,97,90,2026-07-31
234412,Geophysicist,Tier 2 — Core Skills Occupation List (CSOL),VETASSESS,Vocational Education and Training Assessment Services,MLTSSL,80,75,65,0,67,74,141,0,<20,<20,<20,23,<20,21,23,2026-07-31
234413,Hydrogeologist,Tier 2 — Core Skills Occupation List (CSOL),VETASSESS,Vocational Education and Training Assessment Services,MLTSSL,80,75,65,0,48,47,95,0,<20,<20,<20,22,<20,26,<20,2026-07-31
234511,Life Scientist (General),Tier 2 — Core Skills Occupation List (CSOL),VETASSESS,Vocational Education and Training Assessment Services,MLTSSL,80,75,65,249,429,264,942,<20,<20,36,52,43,39,37,42,2026-07-31
234513,Biochemist,Tier 2 — Core Skills Occupation List (CSOL),VETASSESS,Vocational Education and Training Assessment Services,MLTSSL,80,75,65,49,121,142,312,<20,<20,<20,<20,<20,27,<20,22,2026-07-31
234514,Biotechnologist,Tier 2 — Core Skills Occupation List (CSOL),VETASSESS,Vocational Education and Training Assessment Services,MLTSSL,80,75,65,469,741,679,1889,<20,<20,61,76,78,95,72,59,2026-07-31
234515,Botanist,Tier 2 — Core Skills Occupation List (CSOL),VETASSESS,Vocational Education and Training Assessment Services,MLTSSL,80,75,65,0,0,0,0,0,0,0,<20,<20,<20,<20,<20,2026-07-31
234516,Marine Biologist,Tier 2 — Core Skills Occupation List (CSOL),VETASSESS,Vocational Education and Training Assessment Services,MLTSSL,80,75,65,0,24,20,44,<20,<20,<20,24,<20,<20,<20,0,2026-07-31
234517,Microbiologist,Tier 2 — Core Skills Occupation List (CSOL),VETASSESS,Vocational Education and Training Assessment Services,MLTSSL,80,75,65,329,653,802,1784,<20,<20,30,25,27,50,77,70,2026-07-31
234518,Zoologist,Tier 2 — Core Skills Occupation List (CSOL),VETASSESS,Vocational Education and Training Assessment Services,MLTSSL,80,75,65,0,0,0,0,<20,<20,<20,<20,0,<20,<20,0,2026-07-31
234599,Life Scientists nec,Tier 2 — Core Skills Occupation List (CSOL),VETASSESS,Vocational Education and Training Assessment Services,MLTSSL,80,75,65,0,117,60,177,<20,25,<20,22,21,22,<20,27,2026-07-31
234611,Medical Laboratory Scientist,Tier 2 — Core Skills Occupation List (CSOL),AIMS,Australian Institute of Medical Scientists,MLTSSL,80,75,65,592,1172,984,2748,<20,0,<20,51,90,211,139,101,2026-09-30
234711,Veterinarian,Tier 2 — Core Skills Occupation List (CSOL),AVBC,Australasian Veterinary Boards Council,MLTSSL,80,75,65,186,148,0,334,0,<20,<20,39,36,54,36,21,2026-07-31
234911,Conservators,Tier 4 — Short-Term / Regional State-Nominated Occupations,VETASSESS,Vocational Education and Training Assessment Services,STSOL,N/A (Not on 189 List),70,65,0,0,0,0,0,<20,0,0,0,<20,0,0,2026-07-31
234912,Metallurgist,Tier 2 — Core Skills Occupation List (CSOL),VETASSESS,Vocational Education and Training Assessment Services,MLTSSL,80,75,65,90,246,313,649,0,0,<20,<20,<20,34,25,31,2026-07-31
234913,Meteorologists,Tier 4 — Short-Term / Regional State-Nominated Occupations,VETASSESS,Vocational Education and Training Assessment Services,STSOL,N/A (Not on 189 List),70,65,0,0,0,0,0,0,<20,0,<20,<20,<20,<20,2026-07-31
234914,Physicist,Tier 2 — Core Skills Occupation List (CSOL),VETASSESS,Vocational Education and Training Assessment Services,MLTSSL,80,75,65,0,20,47,67,<20,<20,<20,20,<20,<20,<20,<20,2026-07-31
234915,Exercise Physiologists,Tier 4 — Short-Term / Regional State-Nominated Occupations,VETASSESS,Vocational Education and Training Assessment Services,STSOL,N/A (Not on 189 List),70,65,0,0,0,0,0,0,0,0,0,0,0,0,2026-07-31
234999,Natural and Physical Science Professionals (not covered elsewhere),Tier 4 — Short-Term / Regional State-Nominated Occupations,VETASSESS,Vocational Education and Training Assessment Services,STSOL,N/A (Not on 189 List),70,65,0,0,0,0,<20,<20,<20,<20,<20,<20,<20,<20,2026-07-31
241111,Early Childhood (Pre-primary School) Teacher,Tier 1 — Priority Health & Education Occupations,AITSL,Australian Institute for Teaching and School Leadership,MLTSSL,65,65,65,13456,14552,11314,39322,<20,<20,440,2164,2129,2577,2822,1990,2026-07-31
241213,Primary School Teacher,Tier 1 — Priority Health & Education Occupations,AITSL,Australian Institute for Teaching and School Leadership,STSOL,N/A (Not on 189 List),65,65,0,1576,1013,2589,<20,27,129,169,365,322,322,196,2026-07-31
241411,Secondary School Teacher,Tier 1 — Priority Health & Education Occupations,AITSL,Australian Institute for Teaching and School Leadership,MLTSSL,65,65,65,2887,5548,4339,12774,<20,<20,22,119,338,697,713,656,2026-07-31
241511,Special Needs Teacher,Tier 1 — Priority Health & Education Occupations,AITSL,Australian Institute for Teaching and School Leadership,MLTSSL,65,65,65,43,89,25,157,0,0,0,<20,<20,<20,20,23,2026-07-31
241512,Teacher of the Hearing Impaired,Tier 1 — Priority Health & Education Occupations,AITSL,Australian Institute for Teaching and School Leadership,MLTSSL,65,65,65,0,0,0,0,0,0,0,0,0,<20,0,<20,2026-07-31
241513,Teacher of the Sight Impaired,Tier 1 — Priority Health & Education Occupations,AITSL,Australian Institute for Teaching and School Leadership,MLTSSL,65,65,65,0,0,0,0,0,0,0,0,0,0,0,0,2026-07-31
241599,Special Education Teachers nec,Tier 1 — Priority Health & Education Occupations,AITSL,Australian Institute for Teaching and School Leadership,MLTSSL,65,65,65,0,0,0,0,0,0,0,<20,<20,<20,<20,<20,2026-07-31
242111,University Lecturer,Tier 1 — Priority Health & Education Occupations,VETASSESS,Vocational Education and Training Assessment Services,MLTSSL,65,65,65,2455,4740,5107,12302,66,112,221,270,301,383,428,395,2026-07-31
242112,University Tutors,Tier 1 — Priority Health & Education Occupations,VETASSESS,Vocational Education and Training Assessment Services,STSOL,N/A (Not on 189 List),65,65,0,0,0,0,0,0,0,0,0,0,0,0,2026-07-31
242211,Vocational Education Teacher,Tier 1 — Priority Health & Education Occupations,VETASSESS,Vocational Education and Training Assessment Services,STSOL,N/A (Not on 189 List),65,65,0,0,593,593,0,0,0,0,0,0,0,0,2026-07-31
249111,Education Advisers,Tier 1 — Priority Health & Education Occupations,VETASSESS,Vocational Education and Training Assessment Services,STSOL,N/A (Not on 189 List),65,65,0,37,63,100,0,0,<20,<20,<20,<20,37,<20,2026-07-31
249112,Education Reviewers,Tier 1 — Priority Health & Education Occupations,VETASSESS,Vocational Education and Training Assessment Services,STSOL,N/A (Not on 189 List),65,65,0,0,0,0,0,0,0,0,0,0,0,0,2026-07-31
249211,Art Teachers (Private Tuition),Tier 1 — Priority Health & Education Occupations,VETASSESS,Vocational Education and Training Assessment Services,STSOL,N/A (Not on 189 List),65,65,0,0,0,0,0,0,0,0,0,<20,0,<20,2026-07-31
249212,Dance Teachers (Private Tuition),Tier 1 — Priority Health & Education Occupations,VETASSESS,Vocational Education and Training Assessment Services,STSOL,N/A (Not on 189 List),65,65,0,0,0,0,0,0,0,<20,<20,<20,<20,<20,2026-07-31
249213,Drama Teachers (Private Tuition),Tier 1 — Priority Health & Education Occupations,VETASSESS,Vocational Education and Training Assessment Services,STSOL,N/A (Not on 189 List),65,65,0,0,0,0,0,0,0,0,0,0,0,0,2026-07-31
249214,Music Teachers (Private Tuition),Tier 1 — Priority Health & Education Occupations,VETASSESS,Vocational Education and Training Assessment Services,STSOL,N/A (Not on 189 List),65,65,0,0,21,21,<20,<20,<20,<20,<20,<20,<20,<20,2026-07-31
249299,Other Private Tutors and Teachers,Tier 1 — Priority Health & Education Occupations,VETASSESS,Vocational Education and Training Assessment Services,STSOL,N/A (Not on 189 List),65,65,0,529,1021,1550,<20,<20,32,53,68,95,117,106,2026-07-31
251111,Dietitian,Tier 1 — Priority Health & Education Occupations,DA,Dietitians Australia,MLTSSL,65,65,65,0,84,0,84,<20,<20,31,21,32,<20,<20,<20,2026-07-31
251112,Nutritionist,Tier 1 — Priority Health & Education Occupations,VETASSESS,Vocational Education and Training Assessment Services,STSOL,N/A (Not on 189 List),65,65,0,333,498,831,<20,<20,<20,36,33,53,104,56,2026-07-31
251211,Medical Diagnostic Radiographer,Tier 1 — Priority Health & Education Occupations,ASMIRT,Australian Society of Medical Imaging and Radiation Therapy,MLTSSL,65,65,65,168,295,134,597,0,0,<20,<20,22,66,51,29,2026-07-31
251212,Medical Radiation Therapist,Tier 1 — Priority Health & Education Occupations,ASMIRT,Australian Society of Medical Imaging and Radiation Therapy,MLTSSL,65,65,65,0,0,0,0,0,0,0,<20,<20,<20,<20,0,2026-07-31
251213,Nuclear Medicine Technologist,Tier 1 — Priority Health & Education Occupations,ASMIRT,Australian Society of Medical Imaging and Radiation Therapy,MLTSSL,65,65,65,0,0,0,0,0,0,0,<20,<20,<20,0,<20,2026-07-31
251214,Sonographer,Tier 1 — Priority Health & Education Occupations,ASMIRT,Australian Society of Medical Imaging and Radiation Therapy,MLTSSL,65,65,65,0,0,0,0,0,<20,<20,<20,<20,<20,<20,<20,2026-07-31
251311,Environmental Health Officers,Tier 1 — Priority Health & Education Occupations,VETASSESS,Vocational Education and Training Assessment Services,STSOL,N/A (Not on 189 List),65,65,0,0,85,85,0,0,0,0,0,0,0,0,2026-07-31
251312,Occupational Health and Safety Advisers,Tier 1 — Priority Health & Education Occupations,VETASSESS,Vocational Education and Training Assessment Services,STSOL,N/A (Not on 189 List),65,65,0,354,473,827,<20,<20,<20,<20,52,68,114,71,2026-07-31
251411,Optometrist,Tier 1 — Priority Health & Education Occupations,OCANZ,Optometry Council of Australia and New Zealand,MLTSSL,65,65,65,0,0,0,0,0,<20,<20,<20,<20,<20,<20,<20,2026-07-31
251412,Orthoptist,Tier 1 — Priority Health & Education Occupations,OCANZ,Optometry Council of Australia and New Zealand,MLTSSL,65,65,65,0,0,0,0,0,<20,0,0,0,<20,<20,0,2026-07-31
251511,Hospital Pharmacist,Tier 1 — Priority Health & Education Occupations,APC_Pharm,Australian Pharmacy Council,MLTSSL,65,65,65,0,6663,9240,15903,<20,93,202,380,1048,1099,2172,1003,2026-07-31
251512,Industrial Pharmacist,Tier 1 — Priority Health & Education Occupations,APC_Pharm,Australian Pharmacy Council,MLTSSL,65,65,65,0,1073,1641,2714,<20,24,38,65,182,169,354,175,2026-07-31
251513,Retail Pharmacist,Tier 1 — Priority Health & Education Occupations,APC_Pharm,Australian Pharmacy Council,MLTSSL,65,65,65,0,9175,11885,21060,22,217,398,677,1446,1752,2544,1359,2026-07-31
251911,Health Promotion Officers,Tier 1 — Priority Health & Education Occupations,VETASSESS,Vocational Education and Training Assessment Services,STSOL,N/A (Not on 189 List),65,65,0,235,228,463,<20,<20,<20,22,55,72,46,40,2026-07-31
251912,Orthotist or Prosthetist,Tier 1 — Priority Health & Education Occupations,VETASSESS,Vocational Education and Training Assessment Services,MLTSSL,65,65,65,0,0,0,0,0,0,0,<20,<20,<20,<20,0,2026-07-31
251999,Genetic Counsellors (and Other Health Professionals not covered elsewhere),Tier 1 — Priority Health & Education Occupations,VETASSESS,Vocational Education and Training Assessment Services,STSOL,N/A (Not on 189 List),65,65,0,71,82,153,<20,<20,<20,<20,31,<20,<20,40,2026-07-31
252111,Chiropractors,Tier 1 — Priority Health & Education Occupations,VETASSESS,Vocational Education and Training Assessment Services,STSOL,N/A (Not on 189 List),65,65,80,20,0,100,0,0,0,<20,80,<20,<20,<20,2026-07-31
252112,Osteopaths,Tier 1 — Priority Health & Education Occupations,VETASSESS,Vocational Education and Training Assessment Services,STSOL,N/A (Not on 189 List),65,65,0,0,0,0,0,0,0,<20,<20,<20,<20,<20,2026-07-31
252211,Acupuncturists,Tier 1 — Priority Health & Education Occupations,VETASSESS,Vocational Education and Training Assessment Services,STSOL,N/A (Not on 189 List),65,65,0,0,0,0,0,<20,0,<20,<20,<20,<20,<20,2026-07-31
252212,Homoeopaths,Tier 1 — Priority Health & Education Occupations,VETASSESS,Vocational Education and Training Assessment Services,STSOL,N/A (Not on 189 List),65,65,0,0,0,0,0,0,0,0,0,0,0,0,2026-07-31
252213,Naturopaths,Tier 1 — Priority Health & Education Occupations,VETASSESS,Vocational Education and Training Assessment Services,STSOL,N/A (Not on 189 List),65,65,0,0,0,0,0,0,<20,0,<20,<20,<20,0,2026-07-31
252214,Chinese Medicine Practitioners,Tier 1 — Priority Health & Education Occupations,VETASSESS,Vocational Education and Training Assessment Services,STSOL,N/A (Not on 189 List),65,65,0,0,0,0,0,0,<20,<20,0,<20,<20,<20,2026-07-31
252299,"Music, Dance, Drama, Play, Hypnotic, and Related Therapists",Tier 1 — Priority Health & Education Occupations,VETASSESS,Vocational Education and Training Assessment Services,STSOL,N/A (Not on 189 List),65,65,0,42,82,124,<20,<20,<20,<20,21,<20,<20,21,2026-07-31
252311,Dental Practitioner (Dentist),Tier 1 — Priority Health & Education Occupations,ADC,Australian Dental Council,STSOL,N/A (Not on 189 List),65,65,0,0,0,0,0,0,0,0,0,0,<20,0,2026-07-31
252312,Dental Specialist,Tier 1 — Priority Health & Education Occupations,ADC,Australian Dental Council,MLTSSL,65,65,65,0,0,195,195,0,0,0,0,0,0,0,0,2026-07-31
252411,Occupational Therapist,Tier 1 — Priority Health & Education Occupations,VETASSESS,Vocational Education and Training Assessment Services,MLTSSL,65,65,65,536,816,275,1627,0,<20,<20,21,66,179,163,83,2026-07-31
252511,Physiotherapist,Tier 1 — Priority Health & Education Occupations,APC,Australian Physiotherapy Council,MLTSSL,65,65,65,670,785,277,1732,0,<20,<20,36,95,207,168,117,2026-07-31
252611,Podiatrist,Tier 1 — Priority Health & Education Occupations,VETASSESS,Vocational Education and Training Assessment Services,MLTSSL,65,65,65,0,0,0,0,0,0,0,<20,<20,<20,<20,<20,2026-07-31
252711,Audiologist,Tier 1 — Priority Health & Education Occupations,Audiology Australia,Audiology Australia,MLTSSL,65,65,65,100,526,627,1253,<20,0,0,<20,<20,29,30,41,2026-07-31
252712,Speech Pathologist,Tier 1 — Priority Health & Education Occupations,SPA,Speech Pathology Australia,MLTSSL,65,65,65,125,153,0,278,0,0,<20,<20,21,48,34,22,2026-07-31
253111,General Practitioner,Tier 1 — Priority Health & Education Occupations,MedBA,Medical Board of Australia / AMC,MLTSSL,65,65,65,818,727,0,1545,0,<20,<20,85,155,236,190,101,2026-07-31
253112,Resident Medical Officer,Tier 1 — Priority Health & Education Occupations,MedBA,Medical Board of Australia / AMC,MLTSSL,65,65,65,0,609,0,609,<20,31,76,150,107,127,76,42,2026-07-31
253211,Anaesthetist,Tier 1 — Priority Health & Education Occupations,MedBA,Medical Board of Australia / AMC,MLTSSL,65,65,65,0,0,0,0,0,0,0,0,0,0,0,0,2026-07-31
253311,Specialist Physician (General Medicine),Tier 1 — Priority Health & Education Occupations,MedBA,Medical Board of Australia / AMC,MLTSSL,65,65,65,0,0,0,0,<20,<20,<20,<20,<20,<20,<20,<20,2026-07-31
253312,Cardiologist,Tier 1 — Priority Health & Education Occupations,MedBA,Medical Board of Australia / AMC,MLTSSL,65,65,65,0,0,0,0,0,0,0,<20,<20,0,0,<20,2026-07-31
253313,Clinical Haematologist,Tier 1 — Priority Health & Education Occupations,MedBA,Medical Board of Australia / AMC,MLTSSL,65,65,65,0,0,0,0,0,0,0,0,0,0,0,<20,2026-07-31
253314,Medical Oncologist,Tier 1 — Priority Health & Education Occupations,MedBA,Medical Board of Australia / AMC,MLTSSL,65,65,65,0,0,0,0,0,0,0,0,0,<20,<20,0,2026-07-31
253315,Endocrinologist,Tier 1 — Priority Health & Education Occupations,MedBA,Medical Board of Australia / AMC,MLTSSL,65,65,65,0,0,0,0,0,0,0,<20,0,0,0,0,2026-07-31
253316,Gastroenterologist,Tier 1 — Priority Health & Education Occupations,MedBA,Medical Board of Australia / AMC,MLTSSL,65,65,65,0,0,0,0,0,0,0,0,<20,0,0,<20,2026-07-31
253317,Intensive Care Specialist,Tier 1 — Priority Health & Education Occupations,MedBA,Medical Board of Australia / AMC,MLTSSL,65,65,65,0,0,0,0,0,0,0,<20,<20,0,0,<20,2026-07-31
253318,Neurologist,Tier 1 — Priority Health & Education Occupations,MedBA,Medical Board of Australia / AMC,MLTSSL,65,65,65,0,0,0,0,0,0,0,<20,<20,0,<20,0,2026-07-31
253321,Paediatrician,Tier 1 — Priority Health & Education Occupations,MedBA,Medical Board of Australia / AMC,MLTSSL,65,65,65,0,0,0,0,0,0,<20,<20,<20,<20,<20,<20,2026-07-31
253322,Renal Medicine Specialist,Tier 1 — Priority Health & Education Occupations,MedBA,Medical Board of Australia / AMC,MLTSSL,65,65,65,0,0,0,0,0,0,0,0,0,<20,0,<20,2026-07-31
253323,Rheumatologist,Tier 1 — Priority Health & Education Occupations,MedBA,Medical Board of Australia / AMC,MLTSSL,65,65,65,0,0,0,0,0,0,0,0,0,0,0,0,2026-07-31
253324,Thoracic Medicine Specialist,Tier 1 — Priority Health & Education Occupations,MedBA,Medical Board of Australia / AMC,MLTSSL,65,65,65,0,0,0,0,0,0,0,0,<20,<20,0,0,2026-07-31
253399,Specialist Physicians nec,Tier 1 — Priority Health & Education Occupations,MedBA,Medical Board of Australia / AMC,MLTSSL,65,65,65,0,0,0,0,0,<20,<20,<20,<20,<20,<20,<20,2026-07-31
253411,Psychiatrist,Tier 1 — Priority Health & Education Occupations,MedBA,Medical Board of Australia / AMC,MLTSSL,65,65,65,0,0,0,0,0,<20,<20,<20,<20,<20,<20,<20,2026-07-31
253511,Surgeon (General),Tier 1 — Priority Health & Education Occupations,MedBA,Medical Board of Australia / AMC,MLTSSL,65,65,65,0,0,0,0,0,<20,0,0,<20,<20,<20,0,2026-07-31
253512,Cardiothoracic Surgeon,Tier 1 — Priority Health & Education Occupations,MedBA,Medical Board of Australia / AMC,MLTSSL,65,65,65,0,0,0,0,0,0,0,0,0,0,<20,0,2026-07-31
253513,Neurosurgeon,Tier 1 — Priority Health & Education Occupations,MedBA,Medical Board of Australia / AMC,MLTSSL,65,65,65,0,0,0,0,0,0,<20,0,0,<20,0,0,2026-09-30
253514,Orthopaedic Surgeon,Tier 1 — Priority Health & Education Occupations,MedBA,Medical Board of Australia / AMC,MLTSSL,65,65,65,0,0,0,0,0,0,0,<20,<20,<20,<20,0,2026-07-31
253515,Otorhinolaryngologist,Tier 1 — Priority Health & Education Occupations,MedBA,Medical Board of Australia / AMC,MLTSSL,65,65,65,0,0,0,0,0,0,0,0,0,0,0,0,2026-07-31
253516,Paediatric Surgeon,Tier 1 — Priority Health & Education Occupations,MedBA,Medical Board of Australia / AMC,MLTSSL,65,65,65,0,0,0,0,0,0,0,0,0,0,0,0,2026-07-31
253517,Plastic and Reconstructive Surgeon,Tier 1 — Priority Health & Education Occupations,MedBA,Medical Board of Australia / AMC,MLTSSL,65,65,65,0,0,0,0,0,0,0,0,0,0,0,0,2026-07-31
253518,Urologist,Tier 1 — Priority Health & Education Occupations,MedBA,Medical Board of Australia / AMC,MLTSSL,65,65,65,0,0,0,0,0,0,0,0,<20,0,0,0,2026-07-31
253521,Vascular Surgeon,Tier 1 — Priority Health & Education Occupations,MedBA,Medical Board of Australia / AMC,MLTSSL,65,65,65,0,0,0,0,0,0,0,0,0,0,0,0,2026-07-31
253911,Dermatologist,Tier 1 — Priority Health & Education Occupations,MedBA,Medical Board of Australia / AMC,MLTSSL,65,65,65,0,0,0,0,0,0,<20,0,<20,0,0,0,2026-07-31
253912,Emergency Medicine Specialist,Tier 1 — Priority Health & Education Occupations,MedBA,Medical Board of Australia / AMC,MLTSSL,65,65,65,0,0,0,0,0,<20,<20,<20,<20,<20,<20,<20,2026-07-31
253913,Obstetrician and Gynaecologist,Tier 1 — Priority Health & Education Occupations,MedBA,Medical Board of Australia / AMC,MLTSSL,65,65,65,0,0,0,0,0,<20,0,<20,<20,<20,<20,<20,2026-07-31
253914,Ophthalmologist,Tier 1 — Priority Health & Education Occupations,MedBA,Medical Board of Australia / AMC,MLTSSL,65,65,65,0,0,0,0,0,0,<20,<20,<20,0,<20,0,2026-09-30
253915,Pathologist,Tier 1 — Priority Health & Education Occupations,MedBA,Medical Board of Australia / AMC,MLTSSL,65,65,65,0,0,0,0,0,0,0,0,0,<20,0,0,2026-07-31
253917,Diagnostic and Interventional Radiologist,Tier 1 — Priority Health & Education Occupations,MedBA,Medical Board of Australia / AMC,MLTSSL,65,65,65,0,0,0,0,0,<20,<20,<20,<20,<20,<20,<20,2026-07-31
253918,Radiation Oncologist,Tier 1 — Priority Health & Education Occupations,MedBA,Medical Board of Australia / AMC,MLTSSL,65,65,65,0,0,0,0,0,0,<20,0,0,<20,0,0,2026-07-31
253999,Medical Practitioners nec,Tier 1 — Priority Health & Education Occupations,MedBA,Medical Board of Australia / AMC,MLTSSL,65,65,65,634,523,26,1183,0,<20,23,75,120,158,131,97,2026-07-31
254111,Midwife,Tier 1 — Priority Health & Education Occupations,ANMAC,Australian Nursing and Midwifery Accreditation Council,MLTSSL,65,65,65,89,87,0,176,0,0,<20,<20,<20,30,33,26,2026-07-31
254211,Nurse Educator,Tier 1 — Priority Health & Education Occupations,ANMAC,Australian Nursing and Midwifery Accreditation Council,STSOL,N/A (Not on 189 List),65,65,0,0,0,0,0,0,0,<20,<20,<20,<20,<20,2026-07-31
254212,Nurse Researcher,Tier 1 — Priority Health & Education Occupations,ANMAC,Australian Nursing and Midwifery Accreditation Council,STSOL,N/A (Not on 189 List),65,65,0,0,0,0,0,0,0,0,0,0,<20,0,2026-09-30
254311,Nurse Manager,Tier 1 — Priority Health & Education Occupations,ANMAC,Australian Nursing and Midwifery Accreditation Council,STSOL,N/A (Not on 189 List),65,65,0,0,0,0,0,0,<20,<20,<20,<20,<20,<20,2026-09-30
254411,Registered Nurse (Aged Care),Tier 1 — Priority Health & Education Occupations,ANMAC,Australian Nursing and Midwifery Accreditation Council,MLTSSL,65,65,65,0,0,0,0,0,0,0,<20,<20,<20,<20,0,2026-07-31
254412,Registered Nurse (Critical Care and Emergency),Tier 1 — Priority Health & Education Occupations,ANMAC,Australian Nursing and Midwifery Accreditation Council,MLTSSL,65,65,65,2012,2380,1516,5908,<20,0,<20,45,233,618,576,380,2026-07-31
254413,Registered Nurse (Medical),Tier 1 — Priority Health & Education Occupations,ANMAC,Australian Nursing and Midwifery Accreditation Council,MLTSSL,65,65,65,0,22,23,45,0,<20,0,<20,<20,<20,22,<20,2026-09-30
254414,Registered Nurse (Medical Practice),Tier 1 — Priority Health & Education Occupations,ANMAC,Australian Nursing and Midwifery Accreditation Council,MLTSSL,65,65,65,92,185,212,489,0,0,0,<20,<20,31,31,30,2026-07-31
254415,Registered Nurse (Mental Health),Tier 1 — Priority Health & Education Occupations,ANMAC,Australian Nursing and Midwifery Accreditation Council,MLTSSL,65,65,65,1663,5357,5584,12604,0,<20,<20,24,101,372,368,499,2026-07-31
254416,Registered Nurse (Perioperative),Tier 1 — Priority Health & Education Occupations,ANMAC,Australian Nursing and Midwifery Accreditation Council,MLTSSL,65,65,65,0,0,0,0,0,0,0,<20,<20,<20,<20,<20,2026-07-31
254417,Registered Nurse (Paediatrics),Tier 1 — Priority Health & Education Occupations,ANMAC,Australian Nursing and Midwifery Accreditation Council,MLTSSL,65,65,65,87,158,70,315,0,0,0,<20,<20,33,30,24,2026-07-31
254418,Registered Nurse (Renal),Tier 1 — Priority Health & Education Occupations,ANMAC,Australian Nursing and Midwifery Accreditation Council,MLTSSL,65,65,65,1674,4627,4829,11130,0,0,<20,32,105,380,430,454,2026-07-31
254421,Registered Nurse (Surgical),Tier 1 — Priority Health & Education Occupations,ANMAC,Australian Nursing and Midwifery Accreditation Council,MLTSSL,65,65,65,113,162,77,352,0,0,0,<20,<20,33,44,36,2026-07-31
254422,Registered Nurse (Community Health),Tier 1 — Priority Health & Education Occupations,ANMAC,Australian Nursing and Midwifery Accreditation Council,MLTSSL,65,65,65,399,532,225,1156,0,0,<20,<20,53,142,99,56,2026-07-31
254423,Registered Nurse (Developmental Disability),Tier 1 — Priority Health & Education Occupations,ANMAC,Australian Nursing and Midwifery Accreditation Council,MLTSSL,65,65,65,535,1406,1352,3293,0,<20,<20,<20,44,118,131,160,2026-07-31
254424,Registered Nurse (Disability and Rehabilitation),Tier 1 — Priority Health & Education Occupations,ANMAC,Australian Nursing and Midwifery Accreditation Council,MLTSSL,65,65,65,730,1975,1979,4684,0,0,<20,<20,64,158,217,189,2026-07-31
254425,Registered Nurse (Emergency),Tier 1 — Priority Health & Education Occupations,ANMAC,Australian Nursing and Midwifery Accreditation Council,MLTSSL,65,65,65,178,605,625,1408,0,0,<20,<20,21,43,56,58,2026-07-31
254499,Registered Nurses nec,Tier 1 — Priority Health & Education Occupations,ANMAC,Australian Nursing and Midwifery Accreditation Council,MLTSSL,65,65,65,7526,9077,5468,22071,<20,<20,36,216,919,2019,2068,1502,2026-09-30
261111,ICT Business Analyst,Tier 2 — Core Skills Occupation List (CSOL),ACS,Australian Computer Society,MLTSSL,80,75,65,7851,11814,11493,31158,239,635,1121,1125,1204,1226,1007,853,2026-07-31
261112,Systems Analyst,Tier 2 — Core Skills Occupation List (CSOL),ACS,Australian Computer Society,MLTSSL,80,75,65,5190,7085,7047,19322,190,458,801,770,810,796,645,480,2026-07-31
261211,Multimedia Specialist,Tier 4 — Short-Term / Regional State-Nominated Occupations,ACS,Australian Computer Society,STSOL,N/A (Not on 189 List),70,65,483,423,334,1240,<20,52,134,71,60,61,61,44,2026-07-31
261212,Web Developer,Tier 4 — Short-Term / Regional State-Nominated Occupations,ACS,Australian Computer Society,STSOL,N/A (Not on 189 List),70,65,0,741,957,1698,<20,34,61,85,132,113,170,90,2026-07-31
261311,Analyst Programmer,Tier 2 — Core Skills Occupation List (CSOL),ACS,Australian Computer Society,MLTSSL,80,75,65,5652,9043,8359,23054,214,560,1059,901,829,775,587,472,2026-09-30
261312,Developer Programmer,Tier 2 — Core Skills Occupation List (CSOL),ACS,Australian Computer Society,MLTSSL,80,75,65,6813,13969,15139,35921,199,519,867,967,1020,1102,953,780,2026-07-31
261313,Software Engineer,Tier 2 — Core Skills Occupation List (CSOL),ACS,Australian Computer Society,MLTSSL,80,75,65,9577,20411,22213,52201,220,617,1199,1226,1354,1584,1424,1198,2026-07-31
261314,Software Tester,Tier 4 — Short-Term / Regional State-Nominated Occupations,ACS,Australian Computer Society,STSOL,N/A (Not on 189 List),70,65,0,3248,3846,7094,49,204,286,395,618,568,634,342,2026-07-31
261399,Software and Applications Programmers nec,Tier 4 — Short-Term / Regional State-Nominated Occupations,ACS,Australian Computer Society,STSOL,N/A (Not on 189 List),70,65,3955,6978,7234,18167,202,411,713,581,543,549,426,360,2026-07-31
262111,Database Administrator,Tier 4 — Short-Term / Regional State-Nominated Occupations,ACS,Australian Computer Society,STSOL,N/A (Not on 189 List),70,65,0,794,1027,1821,<20,60,90,85,146,109,161,109,2026-07-31
262112,ICT Security Specialist,Tier 2 — Core Skills Occupation List (CSOL),ACS,Australian Computer Society,MLTSSL,80,75,65,3108,4255,4365,11728,82,208,396,487,505,513,410,349,2026-07-31
262113,Systems Administrator,Tier 4 — Short-Term / Regional State-Nominated Occupations,ACS,Australian Computer Society,STSOL,N/A (Not on 189 List),70,65,0,2371,2837,5208,76,168,215,260,384,322,422,240,2026-07-31
263111,Computer Network and Systems Engineer,Tier 2 — Core Skills Occupation List (CSOL),ACS,Australian Computer Society,MLTSSL,80,75,65,3662,5349,5947,14958,139,234,494,496,547,624,479,412,2026-07-31
263112,Network Administrator,Tier 4 — Short-Term / Regional State-Nominated Occupations,ACS,Australian Computer Society,STSOL,N/A (Not on 189 List),70,65,0,1640,1974,3614,69,134,154,219,292,246,223,166,2026-07-31
263113,Network Analyst,Tier 4 — Short-Term / Regional State-Nominated Occupations,ACS,Australian Computer Society,STSOL,N/A (Not on 189 List),70,65,0,847,1004,1851,44,75,93,99,122,161,140,90,2026-07-31
263211,ICT Quality Assurance Engineer,Tier 4 — Short-Term / Regional State-Nominated Occupations,ACS,Australian Computer Society,STSOL,N/A (Not on 189 List),70,65,0,1503,1853,3356,20,74,114,171,259,288,319,174,2026-07-31
263212,ICT Support Engineer,Tier 4 — Short-Term / Regional State-Nominated Occupations,ACS,Australian Computer Society,STSOL,N/A (Not on 189 List),70,65,0,4423,5236,9659,165,346,503,581,764,677,598,440,2026-07-31
263213,ICT Systems Test Engineer,Tier 4 — Short-Term / Regional State-Nominated Occupations,ACS,Australian Computer Society,STSOL,N/A (Not on 189 List),70,65,0,1376,1688,3064,34,74,119,120,256,239,279,210,2026-07-31
263299,ICT Support and Test Engineers nec,Tier 4 — Short-Term / Regional State-Nominated Occupations,ACS,Australian Computer Society,STSOL,N/A (Not on 189 List),70,65,0,1270,1413,2683,46,105,128,159,216,209,146,171,2026-07-31
263311,Telecommunications Engineers,Tier 4 — Short-Term / Regional State-Nominated Occupations,EA,Engineers Australia,STSOL,N/A (Not on 189 List),70,65,1127,1712,1960,4799,<20,23,90,135,174,232,143,162,2026-07-31
263312,Telecommunications Network Engineers,Tier 4 — Short-Term / Regional State-Nominated Occupations,VETASSESS,Vocational Education and Training Assessment Services,STSOL,N/A (Not on 189 List),70,65,293,576,699,1568,<20,<20,24,45,46,53,46,48,2026-07-31
271111,Barrister,Tier 3 — MLTSSL Strategic Trades & Regional Skills,LPAB,State Legal Practitioners Admissions Board,MLTSSL,75,70,65,0,0,0,0,<20,0,<20,<20,<20,0,<20,0,2026-09-30
271211,Judges,Tier 4 — Short-Term / Regional State-Nominated Occupations,VETASSESS,Vocational Education and Training Assessment Services,STSOL,N/A (Not on 189 List),70,65,0,0,0,0,0,0,0,0,0,0,0,0,2026-07-31
271212,Magistrates,Tier 4 — Short-Term / Regional State-Nominated Occupations,VETASSESS,Vocational Education and Training Assessment Services,STSOL,N/A (Not on 189 List),70,65,0,0,0,0,0,0,0,0,0,0,0,0,2026-07-31
271213,Tribunal Members,Tier 4 — Short-Term / Regional State-Nominated Occupations,VETASSESS,Vocational Education and Training Assessment Services,STSOL,N/A (Not on 189 List),70,65,0,0,0,0,0,0,0,0,0,0,0,0,2026-07-31
271214,Intellectual Property Lawyers,Tier 4 — Short-Term / Regional State-Nominated Occupations,LPAB,State Legal Practitioners Admissions Board,STSOL,N/A (Not on 189 List),70,65,0,0,0,0,0,0,0,0,0,0,0,0,2026-07-31
271299,Judicial and Other Legal Professionals (not covered elsewhere),Tier 4 — Short-Term / Regional State-Nominated Occupations,VETASSESS,Vocational Education and Training Assessment Services,STSOL,N/A (Not on 189 List),70,65,0,170,234,404,0,<20,<20,<20,54,43,37,36,2026-07-31
271311,Solicitor,Tier 3 — MLTSSL Strategic Trades & Regional Skills,LPAB,State Legal Practitioners Admissions Board,MLTSSL,75,70,65,721,617,278,1616,<20,<20,36,99,145,167,133,113,2026-07-31
272111,Careers Counsellors,Tier 4 — Short-Term / Regional State-Nominated Occupations,VETASSESS,Vocational Education and Training Assessment Services,STSOL,N/A (Not on 189 List),70,65,0,0,0,0,0,0,<20,0,<20,<20,0,0,2026-09-30
272112,Drug and Alcohol Counsellors,Tier 4 — Short-Term / Regional State-Nominated Occupations,VETASSESS,Vocational Education and Training Assessment Services,STSOL,N/A (Not on 189 List),70,65,0,0,0,0,0,<20,<20,<20,<20,<20,<20,<20,2026-07-31
272113,Family and Marriage Counsellors,Tier 4 — Short-Term / Regional State-Nominated Occupations,VETASSESS,Vocational Education and Training Assessment Services,STSOL,N/A (Not on 189 List),70,65,0,0,0,0,0,0,<20,<20,<20,<20,<20,<20,2026-07-31
272114,Rehabilitation Counsellors,Tier 4 — Short-Term / Regional State-Nominated Occupations,VETASSESS,Vocational Education and Training Assessment Services,STSOL,N/A (Not on 189 List),70,65,0,25,27,52,<20,<20,<20,<20,<20,<20,25,<20,2026-07-31
272115,Student Counsellors,Tier 4 — Short-Term / Regional State-Nominated Occupations,VETASSESS,Vocational Education and Training Assessment Services,STSOL,N/A (Not on 189 List),70,65,0,137,117,254,0,<20,<20,34,31,34,38,<20,2026-07-31
272199,Other Counsellors and Life Coaches,Tier 4 — Short-Term / Regional State-Nominated Occupations,VETASSESS,Vocational Education and Training Assessment Services,STSOL,N/A (Not on 189 List),70,65,0,133,43,176,<20,<20,30,22,26,32,23,<20,2026-07-31
272311,Clinical Psychologist,Tier 1 — Priority Health & Education Occupations,APS,Australian Psychological Society,MLTSSL,65,65,65,0,0,0,0,0,<20,<20,<20,<20,<20,<20,<20,2026-07-31
272312,Educational Psychologist,Tier 1 — Priority Health & Education Occupations,APS,Australian Psychological Society,MLTSSL,65,65,65,0,0,0,0,0,0,<20,0,<20,<20,<20,0,2026-07-31
272313,Organisational Psychologist,Tier 1 — Priority Health & Education Occupations,APS,Australian Psychological Society,MLTSSL,65,65,65,0,0,0,0,0,0,0,0,0,0,<20,0,2026-07-31
272314,Psychotherapists,Tier 1 — Priority Health & Education Occupations,APS,Australian Psychological Society,MLTSSL,65,65,65,0,284,299,583,<20,0,<20,38,46,79,85,36,2026-07-31
272399,Psychologists nec,Tier 1 — Priority Health & Education Occupations,APS,Australian Psychological Society,MLTSSL,65,65,65,156,269,122,547,0,0,<20,<20,23,45,56,32,2026-07-31
272411,Historians,Tier 4 — Short-Term / Regional State-Nominated Occupations,NAATI,National Accreditation Authority for Translators and Interpreters,STSOL,N/A (Not on 189 List),70,65,0,0,0,0,0,0,0,0,0,0,0,0,2026-07-31
272412,Interpreter,Tier 4 — Short-Term / Regional State-Nominated Occupations,NAATI,National Accreditation Authority for Translators and Interpreters,STSOL,N/A (Not on 189 List),70,65,0,27,22,49,<20,<20,<20,<20,27,<20,<20,<20,2026-07-31
272413,Translator,Tier 4 — Short-Term / Regional State-Nominated Occupations,NAATI,National Accreditation Authority for Translators and Interpreters,STSOL,N/A (Not on 189 List),70,65,0,0,0,0,0,0,0,0,0,0,0,0,2026-07-31
272414,Archaeologists,Tier 4 — Short-Term / Regional State-Nominated Occupations,NAATI,National Accreditation Authority for Translators and Interpreters,STSOL,N/A (Not on 189 List),70,65,0,0,0,0,0,0,0,0,0,0,0,0,2026-07-31
272499,Other Social Professionals,Tier 4 — Short-Term / Regional State-Nominated Occupations,NAATI,National Accreditation Authority for Translators and Interpreters,STSOL,N/A (Not on 189 List),70,65,0,0,0,0,0,<20,<20,<20,<20,<20,<20,<20,2026-07-31
272511,Social Worker,Tier 1 — Priority Health & Education Occupations,AASW,Australian Association of Social Workers,MLTSSL,65,65,65,1562,1879,1283,4724,0,0,<20,74,221,474,455,257,2026-07-31
272611,Community Arts Workers,Tier 4 — Short-Term / Regional State-Nominated Occupations,ACWA,Australian Community Workers Association,STSOL,N/A (Not on 189 List),70,65,0,0,0,0,0,0,0,0,0,0,0,0,2026-07-31
272612,Recreation Officers,Tier 4 — Short-Term / Regional State-Nominated Occupations,ACWA,Australian Community Workers Association,STSOL,N/A (Not on 189 List),70,65,0,125,252,377,<20,0,<20,<20,20,48,57,<20,2026-07-31
272613,Welfare Worker,Tier 4 — Short-Term / Regional State-Nominated Occupations,ACWA,Australian Community Workers Association,STSOL,N/A (Not on 189 List),70,65,0,814,852,1666,<20,<20,35,88,142,215,176,127,2026-07-31
311211,Anaesthetic Technicians,Tier 4 — Short-Term / Regional State-Nominated Occupations,ASMIRT,Australian Society of Medical Imaging and Radiation Therapy,STSOL,N/A (Not on 189 List),70,65,0,284,412,696,0,0,<20,21,42,37,106,58,2026-07-31
311212,Cardiac Technicians,Tier 4 — Short-Term / Regional State-Nominated Occupations,ASMIRT,Australian Society of Medical Imaging and Radiation Therapy,STSOL,N/A (Not on 189 List),70,65,0,62,129,191,0,<20,<20,<20,<20,37,25,<20,2026-07-31
311213,Medical Laboratory Technicians,Tier 4 — Short-Term / Regional State-Nominated Occupations,ASMIRT,Australian Society of Medical Imaging and Radiation Therapy,STSOL,N/A (Not on 189 List),70,65,0,2282,2246,4528,<20,51,153,305,577,438,489,201,2026-07-31
311214,Operating Theatre Technicians,Tier 4 — Short-Term / Regional State-Nominated Occupations,ASMIRT,Australian Society of Medical Imaging and Radiation Therapy,STSOL,N/A (Not on 189 List),70,65,0,0,369,369,0,0,0,0,0,0,0,0,2026-09-30
311215,Medical Laboratory Technician,Tier 3 — MLTSSL Strategic Trades & Regional Skills,ASMIRT,Australian Society of Medical Imaging and Radiation Therapy,MLTSSL,75,70,65,0,2384,3690,6074,<20,32,107,212,315,389,578,415,2026-09-30
311216,Pathology Collectors,Tier 4 — Short-Term / Regional State-Nominated Occupations,ASMIRT,Australian Society of Medical Imaging and Radiation Therapy,STSOL,N/A (Not on 189 List),70,65,0,0,0,0,0,0,0,0,0,0,0,0,2026-07-31
311299,Other Medical Technicians,Tier 4 — Short-Term / Regional State-Nominated Occupations,ASMIRT,Australian Society of Medical Imaging and Radiation Therapy,STSOL,N/A (Not on 189 List),70,65,0,331,409,740,0,<20,28,21,20,60,78,86,2026-07-31
311311,Fisheries Officers,Tier 4 — Short-Term / Regional State-Nominated Occupations,TRA,Trades Recognition Australia,STSOL,N/A (Not on 189 List),70,65,0,0,0,0,0,0,0,0,0,0,0,0,2026-07-31
311312,Meat Inspectors,Tier 4 — Short-Term / Regional State-Nominated Occupations,TRA,Trades Recognition Australia,STSOL,N/A (Not on 189 List),70,65,0,25,35,60,0,<20,<20,<20,<20,<20,25,<20,2026-07-31
311313,Quarantine Officers,Tier 4 — Short-Term / Regional State-Nominated Occupations,TRA,Trades Recognition Australia,STSOL,N/A (Not on 189 List),70,65,0,0,0,0,0,0,0,0,0,0,0,0,2026-07-31
311399,Other Primary Products Inspectors,Tier 4 — Short-Term / Regional State-Nominated Occupations,TRA,Trades Recognition Australia,STSOL,N/A (Not on 189 List),70,65,0,0,32,32,<20,<20,<20,<20,<20,<20,<20,<20,2026-07-31
311411,Chemistry Technicians,Tier 4 — Short-Term / Regional State-Nominated Occupations,TRA,Trades Recognition Australia,STSOL,N/A (Not on 189 List),70,65,0,452,580,1032,<20,<20,21,24,88,70,95,120,2026-07-31
311412,Earth Science Technicians,Tier 4 — Short-Term / Regional State-Nominated Occupations,TRA,Trades Recognition Australia,STSOL,N/A (Not on 189 List),70,65,0,0,21,21,0,0,<20,<20,<20,<20,<20,<20,2026-07-31
311413,Life Science Technicians,Tier 4 — Short-Term / Regional State-Nominated Occupations,TRA,Trades Recognition Australia,STSOL,N/A (Not on 189 List),70,65,0,199,210,409,<20,24,21,23,36,29,39,27,2026-07-31
311414,School Laboratory Technicians,Tier 4 — Short-Term / Regional State-Nominated Occupations,TRA,Trades Recognition Australia,STSOL,N/A (Not on 189 List),70,65,0,0,0,0,0,0,0,0,0,0,0,0,2026-07-31
311415,Hydrographers,Tier 4 — Short-Term / Regional State-Nominated Occupations,TRA,Trades Recognition Australia,STSOL,N/A (Not on 189 List),70,65,0,0,0,0,0,0,0,0,0,0,0,0,2026-07-31
311499,Other Science Technicians,Tier 4 — Short-Term / Regional State-Nominated Occupations,TRA,Trades Recognition Australia,STSOL,N/A (Not on 189 List),70,65,0,39,98,137,<20,<20,<20,<20,<20,<20,39,<20,2026-07-31
312111,Architectural Draftsperson,Tier 3 — MLTSSL Strategic Trades & Regional Skills,AACA,Architects Accreditation Council of Australia,MLTSSL,75,70,65,0,2944,3137,6081,<20,82,201,298,522,619,580,411,2026-07-31
312112,Building Associate,Tier 4 — Short-Term / Regional State-Nominated Occupations,TRA,Trades Recognition Australia,STSOL,N/A (Not on 189 List),70,65,0,0,0,0,0,0,0,0,0,0,0,0,2026-07-31
312113,Building Inspector,Tier 4 — Short-Term / Regional State-Nominated Occupations,TRA,Trades Recognition Australia,STSOL,N/A (Not on 189 List),70,65,0,233,313,546,0,0,<20,<20,33,58,64,57,2026-07-31
312114,Construction Estimator,Tier 3 — MLTSSL Strategic Trades & Regional Skills,AIQS,Australian Institute of Quantity Surveyors,MLTSSL,75,70,65,0,0,1201,1201,0,0,0,0,0,0,0,0,2026-07-31
312115,Plumbing Inspectors,Tier 4 — Short-Term / Regional State-Nominated Occupations,TRA,Trades Recognition Australia,STSOL,N/A (Not on 189 List),70,65,0,0,0,0,0,0,0,0,0,0,0,0,2026-07-31
312116,Surveying and Spatial Science Technicians,Tier 4 — Short-Term / Regional State-Nominated Occupations,TRA,Trades Recognition Australia,STSOL,N/A (Not on 189 List),70,65,0,0,71,71,0,0,0,0,0,0,0,0,2026-07-31
312199,"Other Architectural, Building and Surveying Technicians",Tier 4 — Short-Term / Regional State-Nominated Occupations,AACA,Architects Accreditation Council of Australia,STSOL,N/A (Not on 189 List),70,65,0,115,112,227,0,<20,<20,<20,29,<20,52,34,2026-07-31
312211,Civil Engineering Draftsperson,Tier 3 — MLTSSL Strategic Trades & Regional Skills,EA,Engineers Australia,MLTSSL,75,70,65,5371,9711,10575,25657,<20,<20,91,476,606,969,1216,1065,2026-07-31
312212,Civil Engineering Technician,Tier 3 — MLTSSL Strategic Trades & Regional Skills,EA,Engineers Australia,MLTSSL,75,70,65,2317,6139,7249,15705,<20,<20,100,221,317,451,427,455,2026-07-31
312311,Electrical Engineering Draftsperson,Tier 3 — MLTSSL Strategic Trades & Regional Skills,EA,Engineers Australia,MLTSSL,75,70,65,173,180,252,605,0,0,<20,25,27,36,46,39,2026-07-31
312312,Electrical Engineering Technician,Tier 3 — MLTSSL Strategic Trades & Regional Skills,EA,Engineers Australia,MLTSSL,75,70,65,238,714,1110,2062,0,0,23,24,<20,36,49,58,2026-07-31
312411,Electronic Engineering Draftsperson,Tier 4 — Short-Term / Regional State-Nominated Occupations,EA,Engineers Australia,STSOL,N/A (Not on 189 List),70,65,0,0,0,0,0,0,0,0,0,0,0,0,2026-07-31
312412,Electronic Engineering Technician,Tier 4 — Short-Term / Regional State-Nominated Occupations,EA,Engineers Australia,STSOL,N/A (Not on 189 List),70,65,0,0,0,0,0,0,0,0,0,0,0,0,2026-07-31
312511,Mechanical Engineering Draftsperson,Tier 3 — MLTSSL Strategic Trades & Regional Skills,EA,Engineers Australia,MLTSSL,75,70,65,0,0,157,157,0,0,0,0,0,0,0,0,2026-07-31
312512,Mechanical Engineering Technician,Tier 3 — MLTSSL Strategic Trades & Regional Skills,EA,Engineers Australia,MLTSSL,75,70,65,0,510,696,1206,0,<20,31,33,73,73,99,117,2026-07-31
312911,Maintenance Planner,Tier 4 — Short-Term / Regional State-Nominated Occupations,TRA,Trades Recognition Australia,STSOL,N/A (Not on 189 List),70,65,0,0,936,936,0,0,0,0,0,0,0,0,2026-07-31
312912,Metallurgical or Materials Technician,Tier 4 — Short-Term / Regional State-Nominated Occupations,TRA,Trades Recognition Australia,STSOL,N/A (Not on 189 List),70,65,0,314,398,712,0,<20,<20,<20,30,66,136,52,2026-07-31
312913,Mine Deputy,Tier 4 — Short-Term / Regional State-Nominated Occupations,TRA,Trades Recognition Australia,STSOL,N/A (Not on 189 List),70,65,0,0,0,0,0,0,0,0,0,<20,0,<20,2026-07-31
312999,Building and Engineering Technicians nec,Tier 4 — Short-Term / Regional State-Nominated Occupations,EA,Engineers Australia,STSOL,N/A (Not on 189 List),70,65,0,0,116,116,0,0,0,0,0,0,0,0,2026-07-31
313111,Hardware Technician,Tier 4 — Short-Term / Regional State-Nominated Occupations,ACS,Australian Computer Society,STSOL,N/A (Not on 189 List),70,65,0,0,22,22,0,0,0,<20,<20,<20,<20,<20,2026-07-31
313112,ICT Customer Support Officer,Tier 4 — Short-Term / Regional State-Nominated Occupations,ACS,Australian Computer Society,STSOL,N/A (Not on 189 List),70,65,0,218,349,567,<20,<20,<20,<20,47,34,74,42,2026-07-31
313113,Web Administrator,Tier 4 — Short-Term / Regional State-Nominated Occupations,ACS,Australian Computer Society,STSOL,N/A (Not on 189 List),70,65,0,137,204,341,<20,<20,<20,20,32,32,29,24,2026-07-31
313199,ICT Support Technicians nec,Tier 4 — Short-Term / Regional State-Nominated Occupations,ACS,Australian Computer Society,STSOL,N/A (Not on 189 List),70,65,0,27,55,82,0,<20,<20,<20,<20,<20,27,<20,2026-07-31
313211,Telecommunications Technical Officer or Technologist,Tier 3 — MLTSSL Strategic Trades & Regional Skills,EA,Engineers Australia,MLTSSL,75,70,65,0,0,0,0,0,0,<20,0,0,<20,<20,0,2026-07-31
313212,Telecommunications Field Engineers,Tier 4 — Short-Term / Regional State-Nominated Occupations,EA,Engineers Australia,STSOL,N/A (Not on 189 List),70,65,81,62,92,235,0,0,<20,<20,<20,25,26,30,2026-07-31
313213,Telecommunications Network Planners,Tier 4 — Short-Term / Regional State-Nominated Occupations,TRA,Trades Recognition Australia,STSOL,N/A (Not on 189 List),70,65,450,438,588,1476,0,0,<20,20,46,64,91,108,2026-07-31
313214,Telecommunications Technical Officers and Technologists,Tier 4 — Short-Term / Regional State-Nominated Occupations,EA,Engineers Australia,STSOL,N/A (Not on 189 List),70,65,134,123,183,440,0,0,<20,<20,20,45,32,37,2026-07-31
321111,Automotive Electrician,Tier 3 — MLTSSL Strategic Trades & Regional Skills,TRA,Trades Recognition Australia,MLTSSL,75,70,65,52,87,95,234,0,<20,0,0,<20,<20,21,31,2026-09-30
321211,Motor Mechanic (General),Tier 3 — MLTSSL Strategic Trades & Regional Skills,TRA,Trades Recognition Australia,MLTSSL,75,70,65,2845,3474,3871,10190,<20,<20,62,131,349,516,645,670,2026-07-31
321212,Diesel Motor Mechanic,Tier 3 — MLTSSL Strategic Trades & Regional Skills,TRA,Trades Recognition Australia,MLTSSL,75,70,65,195,269,372,836,0,<20,<20,<20,<20,40,31,56,2026-07-31
321213,Motorcycle Mechanic,Tier 3 — MLTSSL Strategic Trades & Regional Skills,TRA,Trades Recognition Australia,MLTSSL,75,70,65,0,0,0,0,0,0,<20,0,<20,<20,<20,0,2026-07-31
321214,Small Engine Mechanic,Tier 3 — MLTSSL Strategic Trades & Regional Skills,TRA,Trades Recognition Australia,MLTSSL,75,70,65,0,0,0,0,0,0,0,0,0,0,0,0,2026-07-31
322111,Blacksmiths,Tier 4 — Short-Term / Regional State-Nominated Occupations,TRA,Trades Recognition Australia,STSOL,N/A (Not on 189 List),70,65,0,0,0,0,0,0,0,0,0,0,0,0,2026-07-31
322112,Electroplaters,Tier 4 — Short-Term / Regional State-Nominated Occupations,TRA,Trades Recognition Australia,STSOL,N/A (Not on 189 List),70,65,0,0,0,0,0,0,0,0,0,0,0,0,2026-07-31
322113,Farriers,Tier 4 — Short-Term / Regional State-Nominated Occupations,TRA,Trades Recognition Australia,STSOL,N/A (Not on 189 List),70,65,0,0,0,0,0,0,0,0,<20,0,0,0,2026-09-30
322114,Metal Casting Trades Workers,Tier 4 — Short-Term / Regional State-Nominated Occupations,TRA,Trades Recognition Australia,STSOL,N/A (Not on 189 List),70,65,0,0,0,0,0,0,0,0,0,0,0,0,2026-07-31
322115,Metal Polishers,Tier 4 — Short-Term / Regional State-Nominated Occupations,TRA,Trades Recognition Australia,STSOL,N/A (Not on 189 List),70,65,0,0,0,0,0,0,0,0,0,0,0,0,2026-07-31
322211,Sheetmetal Trades Worker,Tier 3 — MLTSSL Strategic Trades & Regional Skills,TRA,Trades Recognition Australia,MLTSSL,75,70,65,0,0,0,0,0,0,<20,<20,<20,<20,<20,<20,2026-07-31
322311,Metal Fabricator,Tier 3 — MLTSSL Strategic Trades & Regional Skills,TRA,Trades Recognition Australia,MLTSSL,75,70,65,201,300,274,775,0,0,0,<20,<20,36,56,74,2026-07-31
322312,Pressure Welder,Tier 3 — MLTSSL Strategic Trades & Regional Skills,TRA,Trades Recognition Australia,MLTSSL,75,70,65,0,0,0,0,0,0,0,0,0,0,0,0,2026-07-31
322313,Welder (First Class),Tier 3 — MLTSSL Strategic Trades & Regional Skills,TRA,Trades Recognition Australia,MLTSSL,75,70,65,503,860,1053,2416,0,0,<20,<20,67,93,121,139,2026-07-31
323111,Aircraft Maintenance Engineers (Avionics),Tier 4 — Short-Term / Regional State-Nominated Occupations,EA,Engineers Australia,STSOL,N/A (Not on 189 List),70,65,0,43,20,63,0,0,<20,<20,<20,<20,20,23,2026-07-31
323112,Aircraft Maintenance Engineers (Mechanical),Tier 4 — Short-Term / Regional State-Nominated Occupations,EA,Engineers Australia,STSOL,N/A (Not on 189 List),70,65,0,131,187,318,0,<20,<20,<20,25,27,55,24,2026-07-31
323113,Aircraft Maintenance Engineers (Structures),Tier 4 — Short-Term / Regional State-Nominated Occupations,EA,Engineers Australia,STSOL,N/A (Not on 189 List),70,65,0,0,0,0,0,0,0,<20,<20,<20,<20,0,2026-07-31
323211,Fitter (General),Tier 3 — MLTSSL Strategic Trades & Regional Skills,TRA,Trades Recognition Australia,MLTSSL,75,70,65,288,708,1171,2167,0,0,0,<20,<20,36,65,57,2026-07-31
323212,Fitter and Turner,Tier 3 — MLTSSL Strategic Trades & Regional Skills,TRA,Trades Recognition Australia,MLTSSL,75,70,65,0,0,130,130,<20,0,0,0,0,<20,<20,<20,2026-07-31
323213,Fitter-Welder,Tier 3 — MLTSSL Strategic Trades & Regional Skills,TRA,Trades Recognition Australia,MLTSSL,75,70,65,0,0,30,30,0,0,0,<20,<20,<20,<20,<20,2026-07-31
323214,Metal Machinist (First Class),Tier 3 — MLTSSL Strategic Trades & Regional Skills,TRA,Trades Recognition Australia,MLTSSL,75,70,65,0,162,375,537,0,0,<20,<20,<20,<20,61,101,2026-07-31
323215,"Textile, Clothing and Footwear Mechanics",Tier 3 — MLTSSL Strategic Trades & Regional Skills,TRA,Trades Recognition Australia,MLTSSL,75,70,65,0,0,0,0,0,0,0,0,0,0,0,0,2026-07-31
323299,Other Metal Fitters and Machinists,Tier 3 — MLTSSL Strategic Trades & Regional Skills,TRA,Trades Recognition Australia,MLTSSL,75,70,65,0,0,0,0,0,0,0,0,0,0,0,0,2026-07-31
323311,Engravers,Tier 4 — Short-Term / Regional State-Nominated Occupations,TRA,Trades Recognition Australia,STSOL,N/A (Not on 189 List),70,65,0,0,0,0,0,0,0,0,0,0,0,0,2026-07-31
323312,Gunsmiths,Tier 4 — Short-Term / Regional State-Nominated Occupations,TRA,Trades Recognition Australia,STSOL,N/A (Not on 189 List),70,65,0,0,0,0,0,0,0,0,0,0,0,0,2026-07-31
323313,Locksmiths,Tier 4 — Short-Term / Regional State-Nominated Occupations,TRA,Trades Recognition Australia,STSOL,N/A (Not on 189 List),70,65,0,0,0,0,0,0,0,0,<20,<20,<20,<20,2026-09-30
323314,Precision Instrument Makers and Repairers,Tier 4 — Short-Term / Regional State-Nominated Occupations,TRA,Trades Recognition Australia,STSOL,N/A (Not on 189 List),70,65,0,0,0,0,0,0,0,0,0,0,0,0,2026-07-31
323315,Saw Doctors,Tier 4 — Short-Term / Regional State-Nominated Occupations,TRA,Trades Recognition Australia,STSOL,N/A (Not on 189 List),70,65,0,0,0,0,0,0,0,0,0,0,0,0,2026-07-31
323316,Watch and Clock Makers and Repairers,Tier 4 — Short-Term / Regional State-Nominated Occupations,TRA,Trades Recognition Australia,STSOL,N/A (Not on 189 List),70,65,0,0,0,0,0,0,0,0,0,0,0,0,2026-07-31
323411,Toolmaker,Tier 3 — MLTSSL Strategic Trades & Regional Skills,TRA,Trades Recognition Australia,MLTSSL,75,70,65,0,0,0,0,0,0,0,0,0,0,0,0,2026-07-31
323412,Toolmakers,Tier 3 — MLTSSL Strategic Trades & Regional Skills,TRA,Trades Recognition Australia,MLTSSL,75,70,65,0,77,117,194,0,0,0,0,<20,<20,52,25,2026-07-31
324111,Panelbeater,Tier 3 — MLTSSL Strategic Trades & Regional Skills,TRA,Trades Recognition Australia,MLTSSL,75,70,65,0,0,0,0,0,<20,<20,<20,0,<20,<20,<20,2026-07-31
324211,Vehicle Body Builder,Tier 4 — Short-Term / Regional State-Nominated Occupations,TRA,Trades Recognition Australia,STSOL,N/A (Not on 189 List),70,65,0,0,0,0,0,0,0,0,0,0,0,0,2026-07-31
324212,Vehicle Trimmer,Tier 4 — Short-Term / Regional State-Nominated Occupations,TRA,Trades Recognition Australia,STSOL,N/A (Not on 189 List),70,65,0,0,0,0,0,0,0,0,0,0,0,0,2026-07-31
324311,Vehicle Painter,Tier 3 — MLTSSL Strategic Trades & Regional Skills,TRA,Trades Recognition Australia,MLTSSL,75,70,65,0,0,0,0,0,0,0,0,0,0,0,0,2026-07-31
331111,Bricklayer,Tier 3 — MLTSSL Strategic Trades & Regional Skills,TRA,Trades Recognition Australia,MLTSSL,75,70,65,233,622,678,1533,0,0,0,<20,<20,30,36,102,2026-09-30
331112,Stonemason,Tier 3 — MLTSSL Strategic Trades & Regional Skills,TRA,Trades Recognition Australia,MLTSSL,75,70,65,0,0,0,0,0,0,0,0,<20,0,<20,<20,2026-07-31
331211,Carpenter and Joiner,Tier 3 — MLTSSL Strategic Trades & Regional Skills,TRA,Trades Recognition Australia,MLTSSL,75,70,65,54,189,153,396,0,0,0,<20,<20,<20,26,28,2026-07-31
331212,Carpenter,Tier 3 — MLTSSL Strategic Trades & Regional Skills,TRA,Trades Recognition Australia,MLTSSL,75,70,65,1439,2753,2099,6291,<20,0,<20,<20,36,103,258,639,2026-07-31
331213,Joiner,Tier 3 — MLTSSL Strategic Trades & Regional Skills,TRA,Trades Recognition Australia,MLTSSL,75,70,65,0,0,0,0,0,0,0,0,0,<20,<20,<20,2026-07-31
332111,Floor Finisher,Tier 4 — Short-Term / Regional State-Nominated Occupations,TRA,Trades Recognition Australia,STSOL,N/A (Not on 189 List),70,65,0,0,22,22,0,0,0,0,0,0,0,0,2026-07-31
332211,Painting Trades Worker,Tier 3 — MLTSSL Strategic Trades & Regional Skills,TRA,Trades Recognition Australia,MLTSSL,75,70,65,1479,2124,1826,5429,0,<20,<20,22,125,224,374,445,2026-07-31
333111,Glazier,Tier 3 — MLTSSL Strategic Trades & Regional Skills,TRA,Trades Recognition Australia,MLTSSL,75,70,65,0,0,0,0,0,0,0,<20,<20,<20,<20,<20,2026-09-30
333211,Fibrous Plasterer,Tier 3 — MLTSSL Strategic Trades & Regional Skills,TRA,Trades Recognition Australia,MLTSSL,75,70,65,0,0,0,0,0,0,0,0,<20,<20,<20,<20,2026-07-31
333212,Solid Plasterer,Tier 3 — MLTSSL Strategic Trades & Regional Skills,TRA,Trades Recognition Australia,MLTSSL,75,70,65,32,38,0,70,0,0,0,0,0,<20,<20,32,2026-07-31
333311,Roof Tiler,Tier 3 — MLTSSL Strategic Trades & Regional Skills,TRA,Trades Recognition Australia,MLTSSL,75,70,65,0,0,0,0,0,0,<20,<20,<20,<20,<20,<20,2026-07-31
333411,Wall and Floor Tiler,Tier 3 — MLTSSL Strategic Trades & Regional Skills,TRA,Trades Recognition Australia,MLTSSL,75,70,65,220,358,298,876,0,0,0,<20,<20,<20,56,95,2026-07-31
334111,Plumber (General),Tier 3 — MLTSSL Strategic Trades & Regional Skills,TRA,Trades Recognition Australia,MLTSSL,75,70,65,0,99,53,152,0,0,<20,<20,<20,23,36,40,2026-09-30
334112,Airconditioning and Mechanical Services Plumber,Tier 3 — MLTSSL Strategic Trades & Regional Skills,TRA,Trades Recognition Australia,MLTSSL,75,70,65,0,164,198,362,0,0,<20,<20,<20,36,82,46,2026-07-31
334113,Drainer,Tier 3 — MLTSSL Strategic Trades & Regional Skills,TRA,Trades Recognition Australia,MLTSSL,75,70,65,0,0,0,0,0,0,0,0,<20,<20,<20,<20,2026-07-31
334114,Gasfitter,Tier 3 — MLTSSL Strategic Trades & Regional Skills,TRA,Trades Recognition Australia,MLTSSL,75,70,65,0,0,0,0,0,0,0,0,0,<20,<20,<20,2026-07-31
334115,Roof Plumber,Tier 3 — MLTSSL Strategic Trades & Regional Skills,TRA,Trades Recognition Australia,MLTSSL,75,70,65,0,0,0,0,0,0,0,<20,<20,<20,<20,<20,2026-07-31
341111,Electrician (General),Tier 3 — MLTSSL Strategic Trades & Regional Skills,TRA,Trades Recognition Australia,MLTSSL,75,70,65,303,714,609,1626,0,0,0,<20,<20,<20,49,116,2026-07-31
341112,Electrician (Special Class),Tier 3 — MLTSSL Strategic Trades & Regional Skills,TRA,Trades Recognition Australia,MLTSSL,75,70,65,0,0,0,0,0,0,0,0,0,0,<20,<20,2026-07-31
341113,Lift Mechanic,Tier 3 — MLTSSL Strategic Trades & Regional Skills,TRA,Trades Recognition Australia,MLTSSL,75,70,65,0,0,0,0,0,0,0,0,0,<20,<20,<20,2026-07-31
342111,Airconditioning and Refrigeration Mechanic,Tier 3 — MLTSSL Strategic Trades & Regional Skills,TRA,Trades Recognition Australia,MLTSSL,75,70,65,0,65,95,160,0,0,<20,0,<20,<20,25,40,2026-07-31
342211,Electrical Linesworker,Tier 3 — MLTSSL Strategic Trades & Regional Skills,TRA,Trades Recognition Australia,MLTSSL,75,70,65,0,0,0,0,0,0,0,0,0,0,0,0,2026-07-31
342212,Technical Cable Jointer,Tier 3 — MLTSSL Strategic Trades & Regional Skills,TRA,Trades Recognition Australia,MLTSSL,75,70,65,0,0,0,0,0,0,0,0,0,0,0,<20,2026-09-30
342311,Business Machine Mechanics,Tier 3 — MLTSSL Strategic Trades & Regional Skills,TRA,Trades Recognition Australia,MLTSSL,75,70,65,0,0,0,0,0,0,0,0,0,0,0,0,2026-07-31
342312,Communications Operators,Tier 3 — MLTSSL Strategic Trades & Regional Skills,TRA,Trades Recognition Australia,MLTSSL,75,70,65,0,0,0,0,0,0,0,0,0,0,0,0,2026-07-31
342313,Electronic Equipment Trades Worker,Tier 3 — MLTSSL Strategic Trades & Regional Skills,TRA,Trades Recognition Australia,MLTSSL,75,70,65,178,530,779,1487,0,0,<20,<20,<20,36,44,60,2026-07-31
342314,Electronic Instrument Trades Worker (General),Tier 3 — MLTSSL Strategic Trades & Regional Skills,TRA,Trades Recognition Australia,MLTSSL,75,70,65,53,238,282,573,0,0,0,<20,<20,<20,22,31,2026-07-31
342315,Electronic Instrument Trades Worker (Special Class),Tier 3 — MLTSSL Strategic Trades & Regional Skills,TRA,Trades Recognition Australia,MLTSSL,75,70,65,0,168,188,356,0,0,<20,21,42,35,43,27,2026-07-31
342411,Cabler (Data and Telecommunications),Tier 3 — MLTSSL Strategic Trades & Regional Skills,TRA,Trades Recognition Australia,MLTSSL,75,70,65,0,34,106,140,0,<20,<20,<20,<20,34,<20,<20,2026-09-30
342412,Telecommunications Cable Jointers,Tier 3 — MLTSSL Strategic Trades & Regional Skills,TRA,Trades Recognition Australia,MLTSSL,75,70,65,0,0,0,0,0,0,0,0,0,0,0,0,2026-07-31
342413,Telecommunications Linesworker,Tier 3 — MLTSSL Strategic Trades & Regional Skills,TRA,Trades Recognition Australia,MLTSSL,75,70,65,0,0,0,0,0,0,0,<20,0,<20,<20,0,2026-09-30
342414,Telecommunications Technician,Tier 3 — MLTSSL Strategic Trades & Regional Skills,TRA,Trades Recognition Australia,MLTSSL,75,70,65,0,0,0,0,0,0,0,0,0,0,0,0,2026-07-31
351111,Baker,Tier 4 — Short-Term / Regional State-Nominated Occupations,TRA,Trades Recognition Australia,STSOL,N/A (Not on 189 List),70,65,0,187,244,431,<20,<20,<20,25,32,30,54,46,2026-07-31
351112,Pastrycook,Tier 3 — MLTSSL Strategic Trades & Regional Skills,TRA,Trades Recognition Australia,MLTSSL,75,70,65,0,163,263,426,<20,0,<20,<20,42,35,31,55,2026-07-31
351211,Butcher or Smallgoods Maker,Tier 4 — Short-Term / Regional State-Nominated Occupations,TRA,Trades Recognition Australia,STSOL,N/A (Not on 189 List),70,65,0,0,0,0,0,<20,<20,0,0,<20,<20,0,2026-07-31
351311,Chef,Tier 3 — MLTSSL Strategic Trades & Regional Skills,TRA,Trades Recognition Australia,MLTSSL,75,70,65,10833,11993,14368,37194,<20,80,261,551,1136,1921,2399,2478,2026-07-31
351411,Cook,Tier 4 — Short-Term / Regional State-Nominated Occupations,TRA,Trades Recognition Australia,STSOL,N/A (Not on 189 List),70,65,0,3534,4105,7639,<20,49,125,285,477,681,795,766,2026-07-31
361111,Dog Handlers and Trainers,Tier 4 — Short-Term / Regional State-Nominated Occupations,TRA,Trades Recognition Australia,STSOL,N/A (Not on 189 List),70,65,0,0,0,0,0,0,0,<20,<20,0,0,0,2026-07-31
361112,Horse Trainers,Tier 4 — Short-Term / Regional State-Nominated Occupations,TRA,Trades Recognition Australia,STSOL,N/A (Not on 189 List),70,65,0,0,0,0,0,0,0,0,0,0,<20,0,2026-07-31
361113,Pet Groomers,Tier 4 — Short-Term / Regional State-Nominated Occupations,TRA,Trades Recognition Australia,STSOL,N/A (Not on 189 List),70,65,0,0,0,0,0,0,0,0,0,0,0,0,2026-07-31
361114,Zookeepers,Tier 4 — Short-Term / Regional State-Nominated Occupations,TRA,Trades Recognition Australia,STSOL,N/A (Not on 189 List),70,65,0,0,0,0,0,0,0,0,0,0,0,0,2026-07-31
361115,Kennel Hands,Tier 4 — Short-Term / Regional State-Nominated Occupations,TRA,Trades Recognition Australia,STSOL,N/A (Not on 189 List),70,65,0,0,0,0,0,0,0,0,0,0,0,0,2026-07-31
361199,Other Animal Attendants and Trainers,Tier 4 — Short-Term / Regional State-Nominated Occupations,TRA,Trades Recognition Australia,STSOL,N/A (Not on 189 List),70,65,0,0,0,0,<20,<20,0,0,<20,<20,<20,<20,2026-07-31
362211,Gardeners (General),Tier 4 — Short-Term / Regional State-Nominated Occupations,TRA,Trades Recognition Australia,STSOL,N/A (Not on 189 List),70,65,0,0,0,0,0,0,<20,<20,<20,<20,<20,<20,2026-09-30
362212,Arborists,Tier 4 — Short-Term / Regional State-Nominated Occupations,TRA,Trades Recognition Australia,STSOL,N/A (Not on 189 List),70,65,0,0,0,0,0,0,0,0,0,<20,<20,<20,2026-07-31
362213,Landscape Gardeners,Tier 4 — Short-Term / Regional State-Nominated Occupations,TRA,Trades Recognition Australia,STSOL,N/A (Not on 189 List),70,65,0,0,0,0,0,<20,0,0,<20,<20,<20,<20,2026-07-31
391111,Hairdresser,Tier 4 — Short-Term / Regional State-Nominated Occupations,TRA,Trades Recognition Australia,STSOL,N/A (Not on 189 List),70,65,0,225,401,626,<20,<20,<20,<20,24,25,58,49,2026-07-31
392111,Print Finishers,Tier 4 — Short-Term / Regional State-Nominated Occupations,TRA,Trades Recognition Australia,STSOL,N/A (Not on 189 List),70,65,0,0,0,0,0,0,0,0,<20,0,0,0,2026-07-31
392112,Screen Printers,Tier 4 — Short-Term / Regional State-Nominated Occupations,TRA,Trades Recognition Australia,STSOL,N/A (Not on 189 List),70,65,0,0,0,0,0,0,0,0,0,0,0,0,2026-07-31
392311,Printing Machinists,Tier 4 — Short-Term / Regional State-Nominated Occupations,TRA,Trades Recognition Australia,STSOL,N/A (Not on 189 List),70,65,0,0,0,0,0,0,0,0,0,0,<20,0,2026-07-31
392312,Small Offset Printers,Tier 4 — Short-Term / Regional State-Nominated Occupations,TRA,Trades Recognition Australia,STSOL,N/A (Not on 189 List),70,65,0,0,0,0,0,0,0,0,0,0,0,0,2026-07-31
393111,Canvas Goods Fabricators,Tier 4 — Short-Term / Regional State-Nominated Occupations,TRA,Trades Recognition Australia,STSOL,N/A (Not on 189 List),70,65,0,0,0,0,0,0,0,0,0,0,0,0,2026-07-31
393112,Leather Goods Makers,Tier 4 — Short-Term / Regional State-Nominated Occupations,TRA,Trades Recognition Australia,STSOL,N/A (Not on 189 List),70,65,0,0,0,0,0,0,0,0,0,0,0,0,2026-07-31
393113,Sail Makers,Tier 4 — Short-Term / Regional State-Nominated Occupations,TRA,Trades Recognition Australia,STSOL,N/A (Not on 189 List),70,65,0,0,0,0,0,0,0,0,0,0,0,0,2026-07-31
393114,Shoemakers,Tier 4 — Short-Term / Regional State-Nominated Occupations,TRA,Trades Recognition Australia,STSOL,N/A (Not on 189 List),70,65,0,0,0,0,0,0,0,0,0,0,0,0,2026-07-31
393211,Apparel Cutters,Tier 4 — Short-Term / Regional State-Nominated Occupations,TRA,Trades Recognition Australia,STSOL,N/A (Not on 189 List),70,65,0,0,0,0,0,0,0,0,0,0,0,0,2026-07-31
393212,Clothing Patternmakers,Tier 4 — Short-Term / Regional State-Nominated Occupations,TRA,Trades Recognition Australia,STSOL,N/A (Not on 189 List),70,65,0,0,0,0,0,0,0,0,0,0,0,0,2026-07-31
393213,Dressmakers and Tailors,Tier 4 — Short-Term / Regional State-Nominated Occupations,TRA,Trades Recognition Australia,STSOL,N/A (Not on 189 List),70,65,0,0,0,0,0,0,0,0,0,<20,<20,<20,2026-07-31
393299,Other Clothing Trades Workers,Tier 4 — Short-Term / Regional State-Nominated Occupations,TRA,Trades Recognition Australia,STSOL,N/A (Not on 189 List),70,65,0,0,0,0,0,0,0,0,0,0,0,0,2026-07-31
394111,Cabinetmaker,Tier 3 — MLTSSL Strategic Trades & Regional Skills,TRA,Trades Recognition Australia,MLTSSL,75,70,65,128,282,240,650,0,0,0,<20,<20,26,47,55,2026-07-31
394211,Furniture Finishers,Tier 4 — Short-Term / Regional State-Nominated Occupations,TRA,Trades Recognition Australia,STSOL,N/A (Not on 189 List),70,65,0,0,0,0,0,0,0,0,0,0,0,0,2026-07-31
394212,Picture Framers,Tier 4 — Short-Term / Regional State-Nominated Occupations,TRA,Trades Recognition Australia,STSOL,N/A (Not on 189 List),70,65,0,0,0,0,0,0,0,0,0,0,0,0,2026-07-31
394213,Wood Machinists,Tier 4 — Short-Term / Regional State-Nominated Occupations,TRA,Trades Recognition Australia,STSOL,N/A (Not on 189 List),70,65,0,0,0,0,0,0,0,0,0,0,<20,0,2026-07-31
394214,Wood Turners,Tier 4 — Short-Term / Regional State-Nominated Occupations,TRA,Trades Recognition Australia,STSOL,N/A (Not on 189 List),70,65,0,0,0,0,0,0,0,0,0,0,0,0,2026-07-31
394299,Other Wood Machinists and Wood Trades Workers,Tier 4 — Short-Term / Regional State-Nominated Occupations,TRA,Trades Recognition Australia,STSOL,N/A (Not on 189 List),70,65,0,0,0,0,0,0,0,0,0,0,0,0,2026-07-31
399111,Boat Builder and Repairer,Tier 3 — MLTSSL Strategic Trades & Regional Skills,TRA,Trades Recognition Australia,MLTSSL,75,70,65,0,0,0,0,0,<20,0,<20,<20,<20,<20,<20,2026-07-31
399112,Shipwrights,Tier 3 — MLTSSL Strategic Trades & Regional Skills,TRA,Trades Recognition Australia,MLTSSL,75,70,65,0,0,0,0,0,0,0,0,0,0,0,0,2026-07-31
399211,Chemical Plant Operators,Tier 4 — Short-Term / Regional State-Nominated Occupations,TRA,Trades Recognition Australia,STSOL,N/A (Not on 189 List),70,65,0,0,0,0,0,0,0,0,0,0,0,0,2026-07-31
399212,Gas and Petroleum Operators,Tier 4 — Short-Term / Regional State-Nominated Occupations,TRA,Trades Recognition Australia,STSOL,N/A (Not on 189 List),70,65,0,0,43,43,0,0,0,0,0,0,0,0,2026-07-31
399213,Power Generation Plant Operators,Tier 4 — Short-Term / Regional State-Nominated Occupations,TRA,Trades Recognition Australia,STSOL,N/A (Not on 189 List),70,65,0,0,0,0,0,0,<20,0,0,<20,<20,0,2026-07-31
399311,Gallery and Museum Technicians,Tier 4 — Short-Term / Regional State-Nominated Occupations,TRA,Trades Recognition Australia,STSOL,N/A (Not on 189 List),70,65,0,0,0,0,0,0,0,0,0,0,0,0,2026-07-31
399312,Library Technicians,Tier 4 — Short-Term / Regional State-Nominated Occupations,TRA,Trades Recognition Australia,STSOL,N/A (Not on 189 List),70,65,0,0,0,0,0,0,0,0,0,0,0,0,2026-07-31
399511,Broadcast Transmitter Operators,Tier 4 — Short-Term / Regional State-Nominated Occupations,TRA,Trades Recognition Australia,STSOL,N/A (Not on 189 List),70,65,0,0,0,0,0,0,0,0,0,0,0,0,2026-07-31
399512,"Camera Operators (Film, Television or Video)",Tier 4 — Short-Term / Regional State-Nominated Occupations,TRA,Trades Recognition Australia,STSOL,N/A (Not on 189 List),70,65,0,0,0,0,0,0,0,0,<20,<20,0,0,2026-07-31
399513,Light Technicians,Tier 4 — Short-Term / Regional State-Nominated Occupations,TRA,Trades Recognition Australia,STSOL,N/A (Not on 189 List),70,65,0,0,0,0,0,0,0,0,0,0,0,0,2026-07-31
399514,Make Up Artists,Tier 4 — Short-Term / Regional State-Nominated Occupations,TRA,Trades Recognition Australia,STSOL,N/A (Not on 189 List),70,65,0,0,0,0,0,0,0,0,0,<20,0,0,2026-07-31
399515,Musical Instrument Makers and Repairers,Tier 4 — Short-Term / Regional State-Nominated Occupations,TRA,Trades Recognition Australia,STSOL,N/A (Not on 189 List),70,65,0,0,0,0,0,0,0,0,0,0,0,0,2026-07-31
399516,Sound Technicians,Tier 4 — Short-Term / Regional State-Nominated Occupations,TRA,Trades Recognition Australia,STSOL,N/A (Not on 189 List),70,65,0,0,0,0,<20,<20,0,0,0,0,<20,<20,2026-09-30
399517,Television Equipment Operators,Tier 4 — Short-Term / Regional State-Nominated Occupations,TRA,Trades Recognition Australia,STSOL,N/A (Not on 189 List),70,65,0,0,0,0,0,0,0,0,0,0,0,0,2026-07-31
399599,Other Performing Arts Technicians,Tier 4 — Short-Term / Regional State-Nominated Occupations,TRA,Trades Recognition Australia,STSOL,N/A (Not on 189 List),70,65,0,0,0,0,0,<20,<20,<20,<20,<20,<20,<20,2026-07-31
399611,Signwriter,Tier 4 — Short-Term / Regional State-Nominated Occupations,TRA,Trades Recognition Australia,STSOL,N/A (Not on 189 List),70,65,0,0,0,0,0,0,0,0,0,0,0,0,2026-07-31
399911,Divers,Tier 4 — Short-Term / Regional State-Nominated Occupations,TRA,Trades Recognition Australia,STSOL,N/A (Not on 189 List),70,65,0,0,0,0,0,0,0,0,0,0,0,0,2026-07-31
399912,Optical Dispenser,Tier 4 — Short-Term / Regional State-Nominated Occupations,TRA,Trades Recognition Australia,STSOL,N/A (Not on 189 List),70,65,0,0,0,0,0,0,0,0,0,0,0,0,2026-07-31
399913,Optical Dispensers,Tier 4 — Short-Term / Regional State-Nominated Occupations,TRA,Trades Recognition Australia,STSOL,N/A (Not on 189 List),70,65,0,0,0,0,0,0,0,0,0,0,0,0,2026-07-31
399914,Optical Mechanics,Tier 4 — Short-Term / Regional State-Nominated Occupations,TRA,Trades Recognition Australia,STSOL,N/A (Not on 189 List),70,65,0,0,0,0,0,0,0,0,0,0,0,0,2026-07-31
399915,Photographer's Assistants,Tier 4 — Short-Term / Regional State-Nominated Occupations,TRA,Trades Recognition Australia,STSOL,N/A (Not on 189 List),70,65,0,0,0,0,0,0,0,0,0,0,0,0,2026-07-31
399916,Plastics Technicians,Tier 4 — Short-Term / Regional State-Nominated Occupations,TRA,Trades Recognition Australia,STSOL,N/A (Not on 189 List),70,65,0,0,0,0,0,0,0,0,0,0,0,0,2026-07-31
399917,Wool Classers,Tier 4 — Short-Term / Regional State-Nominated Occupations,TRA,Trades Recognition Australia,STSOL,N/A (Not on 189 List),70,65,0,0,0,0,0,0,0,0,0,0,0,0,2026-07-31
399918,Fire Protection Equipment Technicians,Tier 4 — Short-Term / Regional State-Nominated Occupations,TRA,Trades Recognition Australia,STSOL,N/A (Not on 189 List),70,65,0,0,0,0,0,0,0,0,0,0,0,0,2026-07-31
399999,Technicians and Trades Workers (not covered elsewhere),Tier 4 — Short-Term / Regional State-Nominated Occupations,TRA,Trades Recognition Australia,STSOL,N/A (Not on 189 List),70,65,0,0,0,0,0,0,0,0,0,0,0,0,2026-07-31
411111,Ambulance Officers,Tier 4 — Short-Term / Regional State-Nominated Occupations,VETASSESS,Vocational Education and Training Assessment Services,ROL,N/A (Not on 189 List),70,65,0,145,321,466,0,<20,34,<20,20,<20,69,22,2026-07-31
411112,Intensive Care Ambulance Paramedics,Tier 4 — Short-Term / Regional State-Nominated Occupations,VETASSESS,Vocational Education and Training Assessment Services,ROL,N/A (Not on 189 List),70,65,0,0,0,0,0,0,0,0,<20,<20,<20,<20,2026-07-31
411211,Dental Hygienists,Tier 4 — Short-Term / Regional State-Nominated Occupations,ADC,Australian Dental Council,ROL,N/A (Not on 189 List),70,65,0,0,0,0,0,0,0,0,0,0,0,0,2026-07-31
411212,Dental Prosthetists,Tier 4 — Short-Term / Regional State-Nominated Occupations,ADC,Australian Dental Council,ROL,N/A (Not on 189 List),70,65,0,0,0,0,0,0,0,0,0,0,0,0,2026-07-31
411213,Dental Technicians,Tier 4 — Short-Term / Regional State-Nominated Occupations,ADC,Australian Dental Council,ROL,N/A (Not on 189 List),70,65,0,26,66,92,0,0,<20,<20,<20,<20,26,<20,2026-07-31
411214,Dental Therapists,Tier 4 — Short-Term / Regional State-Nominated Occupations,ADC,Australian Dental Council,ROL,N/A (Not on 189 List),70,65,0,0,0,0,0,0,0,0,0,0,0,0,2026-07-31
411411,Enrolled Nurse,Tier 3 — MLTSSL Strategic Trades & Regional Skills,ANMAC,Australian Nursing and Midwifery Accreditation Council,MLTSSL,75,70,65,0,2611,2904,5515,<20,38,84,267,436,645,578,403,2026-07-31
411412,Mothercraft Nurse,Tier 4 — Short-Term / Regional State-Nominated Occupations,ANMAC,Australian Nursing and Midwifery Accreditation Council,STSOL,N/A (Not on 189 List),70,65,0,0,0,0,0,0,0,0,0,0,0,0,2026-07-31
411711,Community Worker,Tier 4 — Short-Term / Regional State-Nominated Occupations,ACWA,Australian Community Workers Association,STSOL,N/A (Not on 189 List),70,65,0,3188,3282,6470,<20,35,136,317,587,703,719,488,2026-07-31
411712,Disabilities Services Officer,Tier 4 — Short-Term / Regional State-Nominated Occupations,ACWA,Australian Community Workers Association,STSOL,N/A (Not on 189 List),70,65,0,0,0,0,<20,<20,<20,<20,<20,<20,<20,<20,2026-07-31
411713,Family Support Worker,Tier 4 — Short-Term / Regional State-Nominated Occupations,ACWA,Australian Community Workers Association,STSOL,N/A (Not on 189 List),70,65,0,0,0,0,0,<20,<20,<20,<20,<20,<20,<20,2026-07-31
411714,Parole or Probation Officer,Tier 4 — Short-Term / Regional State-Nominated Occupations,ACWA,Australian Community Workers Association,STSOL,N/A (Not on 189 List),70,65,0,0,0,0,0,0,0,0,0,0,0,0,2026-07-31
411715,Residential Care Officer,Tier 4 — Short-Term / Regional State-Nominated Occupations,ACWA,Australian Community Workers Association,STSOL,N/A (Not on 189 List),70,65,0,0,0,0,0,0,<20,<20,0,<20,0,<20,2026-07-31
411716,Youth Worker,Tier 4 — Short-Term / Regional State-Nominated Occupations,ACWA,Australian Community Workers Association,STSOL,N/A (Not on 189 List),70,65,0,0,0,0,<20,<20,<20,<20,<20,<20,<20,<20,2026-07-31
421111,Child Care Workers,Tier 4 — Short-Term / Regional State-Nominated Occupations,VETASSESS,Vocational Education and Training Assessment Services,ROL,N/A (Not on 189 List),70,65,0,0,0,0,0,0,0,0,0,0,0,0,2026-07-31
421112,Family Day Care Workers,Tier 4 — Short-Term / Regional State-Nominated Occupations,VETASSESS,Vocational Education and Training Assessment Services,ROL,N/A (Not on 189 List),70,65,0,0,0,0,0,0,0,0,0,0,0,0,2026-07-31
421113,Nannies,Tier 4 — Short-Term / Regional State-Nominated Occupations,VETASSESS,Vocational Education and Training Assessment Services,ROL,N/A (Not on 189 List),70,65,0,0,0,0,0,0,0,0,0,0,0,0,2026-07-31
421114,Out of School Hours Care Workers,Tier 4 — Short-Term / Regional State-Nominated Occupations,VETASSESS,Vocational Education and Training Assessment Services,ROL,N/A (Not on 189 List),70,65,0,0,0,0,0,0,0,0,0,0,0,0,2026-07-31
422111,Aboriginal and Torres Strait Islander Education Workers,Tier 4 — Short-Term / Regional State-Nominated Occupations,VETASSESS,Vocational Education and Training Assessment Services,ROL,N/A (Not on 189 List),70,65,0,0,0,0,0,0,0,0,0,0,0,0,2026-07-31
422112,Integration Aides,Tier 4 — Short-Term / Regional State-Nominated Occupations,VETASSESS,Vocational Education and Training Assessment Services,ROL,N/A (Not on 189 List),70,65,0,0,0,0,0,0,0,0,0,0,0,0,2026-07-31
422115,Preschool Aides,Tier 4 — Short-Term / Regional State-Nominated Occupations,VETASSESS,Vocational Education and Training Assessment Services,ROL,N/A (Not on 189 List),70,65,0,0,0,0,0,0,0,0,0,0,0,0,2026-07-31
422116,Teachers' Aides,Tier 4 — Short-Term / Regional State-Nominated Occupations,AITSL,Australian Institute for Teaching and School Leadership,ROL,N/A (Not on 189 List),70,65,0,0,0,0,0,0,0,0,0,0,0,0,2026-07-31
423311,Hospital orderlies,Tier 4 — Short-Term / Regional State-Nominated Occupations,VETASSESS,Vocational Education and Training Assessment Services,ROL,N/A (Not on 189 List),70,65,0,0,0,0,0,0,0,0,0,0,0,0,2026-07-31
423312,Nursing Support Workers,Tier 4 — Short-Term / Regional State-Nominated Occupations,VETASSESS,Vocational Education and Training Assessment Services,ROL,N/A (Not on 189 List),70,65,0,0,0,0,0,0,0,0,0,0,0,0,2026-07-31
423313,Personal Care Assistants,Tier 4 — Short-Term / Regional State-Nominated Occupations,VETASSESS,Vocational Education and Training Assessment Services,ROL,N/A (Not on 189 List),70,65,0,0,0,0,0,0,0,0,0,0,0,0,2026-07-31
423314,Therapy Aides,Tier 4 — Short-Term / Regional State-Nominated Occupations,VETASSESS,Vocational Education and Training Assessment Services,ROL,N/A (Not on 189 List),70,65,0,0,0,0,0,0,0,0,0,0,0,0,2026-07-31
423411,Child and Youth Residential Care Assistants,Tier 4 — Short-Term / Regional State-Nominated Occupations,VETASSESS,Vocational Education and Training Assessment Services,ROL,N/A (Not on 189 List),70,65,0,0,0,0,0,0,0,0,0,0,0,0,2026-07-31
423412,Hostel Parents,Tier 4 — Short-Term / Regional State-Nominated Occupations,VETASSESS,Vocational Education and Training Assessment Services,ROL,N/A (Not on 189 List),70,65,0,0,0,0,0,0,0,0,0,0,0,0,2026-07-31
423413,Refuge Workers,Tier 4 — Short-Term / Regional State-Nominated Occupations,VETASSESS,Vocational Education and Training Assessment Services,ROL,N/A (Not on 189 List),70,65,0,0,0,0,0,0,0,0,0,0,0,0,2026-07-31
431111,Bar Attendants,Tier 4 — Short-Term / Regional State-Nominated Occupations,VETASSESS,Vocational Education and Training Assessment Services,ROL,N/A (Not on 189 List),70,65,0,0,0,0,0,0,0,0,0,0,0,0,2026-07-31
431112,Baristas,Tier 4 — Short-Term / Regional State-Nominated Occupations,VETASSESS,Vocational Education and Training Assessment Services,ROL,N/A (Not on 189 List),70,65,0,0,0,0,0,0,0,0,0,0,0,0,2026-07-31
431911,Bar Usefuls and Bussers,Tier 4 — Short-Term / Regional State-Nominated Occupations,VETASSESS,Vocational Education and Training Assessment Services,ROL,N/A (Not on 189 List),70,65,0,0,0,0,0,0,0,0,0,0,0,0,2026-07-31
431912,Doorpersons and Luggage Porters,Tier 4 — Short-Term / Regional State-Nominated Occupations,VETASSESS,Vocational Education and Training Assessment Services,ROL,N/A (Not on 189 List),70,65,0,0,0,0,0,0,0,0,0,0,0,0,2026-07-31
431999,Hospitality Workers (not covered elsewhere),Tier 4 — Short-Term / Regional State-Nominated Occupations,VETASSESS,Vocational Education and Training Assessment Services,ROL,N/A (Not on 189 List),70,65,0,0,0,0,0,0,0,0,0,0,0,0,2026-07-31
441211,Emergency Service Workers,Tier 4 — Short-Term / Regional State-Nominated Occupations,VETASSESS,Vocational Education and Training Assessment Services,ROL,N/A (Not on 189 List),70,65,0,0,0,0,0,0,0,0,0,0,0,0,2026-07-31
441212,Fire Fighters,Tier 4 — Short-Term / Regional State-Nominated Occupations,VETASSESS,Vocational Education and Training Assessment Services,ROL,N/A (Not on 189 List),70,65,0,0,0,0,0,0,0,0,0,0,0,0,2026-07-31
441311,Detectives,Tier 4 — Short-Term / Regional State-Nominated Occupations,VETASSESS,Vocational Education and Training Assessment Services,ROL,N/A (Not on 189 List),70,65,0,0,0,0,0,0,0,0,0,0,0,0,2026-07-31
441312,Police Officers,Tier 4 — Short-Term / Regional State-Nominated Occupations,VETASSESS,Vocational Education and Training Assessment Services,ROL,N/A (Not on 189 List),70,65,0,0,0,0,0,0,0,0,0,0,0,0,2026-07-31
442211,"Alarm, Security and Surveillance Monitors",Tier 4 — Short-Term / Regional State-Nominated Occupations,VETASSESS,Vocational Education and Training Assessment Services,ROL,N/A (Not on 189 List),70,65,0,0,0,0,0,0,0,0,0,0,0,0,2026-07-31
442212,Armoured Car Escorts,Tier 4 — Short-Term / Regional State-Nominated Occupations,VETASSESS,Vocational Education and Training Assessment Services,ROL,N/A (Not on 189 List),70,65,0,0,0,0,0,0,0,0,0,0,0,0,2026-07-31
442213,Crowd Controllers,Tier 4 — Short-Term / Regional State-Nominated Occupations,VETASSESS,Vocational Education and Training Assessment Services,ROL,N/A (Not on 189 List),70,65,0,0,0,0,0,0,0,0,0,0,0,0,2026-07-31
442214,Private Investigators,Tier 4 — Short-Term / Regional State-Nominated Occupations,VETASSESS,Vocational Education and Training Assessment Services,ROL,N/A (Not on 189 List),70,65,0,0,0,0,0,0,0,0,0,0,0,0,2026-07-31
442215,Retail Loss Prevention Officers,Tier 4 — Short-Term / Regional State-Nominated Occupations,VETASSESS,Vocational Education and Training Assessment Services,ROL,N/A (Not on 189 List),70,65,0,0,0,0,0,0,0,0,0,0,0,0,2026-07-31
442216,Security Consultants,Tier 4 — Short-Term / Regional State-Nominated Occupations,VETASSESS,Vocational Education and Training Assessment Services,ROL,N/A (Not on 189 List),70,65,0,0,0,0,0,0,0,0,0,0,0,0,2026-07-31
442217,Security Officers,Tier 4 — Short-Term / Regional State-Nominated Occupations,VETASSESS,Vocational Education and Training Assessment Services,ROL,N/A (Not on 189 List),70,65,0,0,0,0,0,0,0,0,0,0,0,0,2026-07-31
442299,Other Security Workers,Tier 4 — Short-Term / Regional State-Nominated Occupations,VETASSESS,Vocational Education and Training Assessment Services,ROL,N/A (Not on 189 List),70,65,0,0,0,0,0,0,0,0,0,0,0,0,2026-07-31
451311,Funeral Directors,Tier 4 — Short-Term / Regional State-Nominated Occupations,VETASSESS,Vocational Education and Training Assessment Services,ROL,N/A (Not on 189 List),70,65,0,0,0,0,0,0,0,0,0,0,0,0,2026-07-31
451399,Funeral Workers (Other),Tier 4 — Short-Term / Regional State-Nominated Occupations,VETASSESS,Vocational Education and Training Assessment Services,ROL,N/A (Not on 189 List),70,65,0,0,0,0,0,0,0,0,0,0,0,0,2026-07-31
451411,Gallery and Museum Guides,Tier 4 — Short-Term / Regional State-Nominated Occupations,VETASSESS,Vocational Education and Training Assessment Services,ROL,N/A (Not on 189 List),70,65,0,0,0,0,0,0,0,0,0,0,0,0,2026-07-31
451412,Tour Guides,Tier 4 — Short-Term / Regional State-Nominated Occupations,VETASSESS,Vocational Education and Training Assessment Services,ROL,N/A (Not on 189 List),70,65,0,0,0,0,0,0,0,0,0,0,0,0,2026-07-31
451511,Natural Remedy Consultants,Tier 4 — Short-Term / Regional State-Nominated Occupations,VETASSESS,Vocational Education and Training Assessment Services,ROL,N/A (Not on 189 List),70,65,0,0,0,0,0,0,0,0,0,0,0,0,2026-07-31
451512,Weight Loss Consultants,Tier 4 — Short-Term / Regional State-Nominated Occupations,VETASSESS,Vocational Education and Training Assessment Services,ROL,N/A (Not on 189 List),70,65,0,0,0,0,0,0,0,0,0,0,0,0,2026-07-31
451513,Herbalists (Western),Tier 4 — Short-Term / Regional State-Nominated Occupations,VETASSESS,Vocational Education and Training Assessment Services,ROL,N/A (Not on 189 List),70,65,0,0,0,0,0,0,0,0,0,0,0,0,2026-07-31
451611,Tourist Information Officers,Tier 4 — Short-Term / Regional State-Nominated Occupations,VETASSESS,Vocational Education and Training Assessment Services,ROL,N/A (Not on 189 List),70,65,0,0,0,0,0,0,0,0,0,0,0,0,2026-07-31
451612,Travel Consultants,Tier 4 — Short-Term / Regional State-Nominated Occupations,VETASSESS,Vocational Education and Training Assessment Services,ROL,N/A (Not on 189 List),70,65,0,0,0,0,0,0,0,0,0,0,0,0,2026-07-31
451711,Flight Attendants,Tier 4 — Short-Term / Regional State-Nominated Occupations,VETASSESS,Vocational Education and Training Assessment Services,ROL,N/A (Not on 189 List),70,65,0,0,196,196,0,0,0,0,0,0,0,0,2026-07-31
451799,Other Travel Attendants,Tier 4 — Short-Term / Regional State-Nominated Occupations,VETASSESS,Vocational Education and Training Assessment Services,ROL,N/A (Not on 189 List),70,65,0,0,0,0,0,0,0,0,0,0,0,0,2026-07-31
451811,Civil Celebrants,Tier 4 — Short-Term / Regional State-Nominated Occupations,VETASSESS,Vocational Education and Training Assessment Services,ROL,N/A (Not on 189 List),70,65,0,0,0,0,0,0,0,0,0,0,0,0,2026-07-31
451812,Hair and Beauty Salon Assistants,Tier 4 — Short-Term / Regional State-Nominated Occupations,VETASSESS,Vocational Education and Training Assessment Services,ROL,N/A (Not on 189 List),70,65,0,0,0,0,0,0,0,0,0,0,0,0,2026-07-31
451814,Body Artists,Tier 4 — Short-Term / Regional State-Nominated Occupations,VETASSESS,Vocational Education and Training Assessment Services,ROL,N/A (Not on 189 List),70,65,0,0,0,0,0,0,0,0,0,0,0,0,2026-07-31
451815,First Aid Trainers,Tier 4 — Short-Term / Regional State-Nominated Occupations,VETASSESS,Vocational Education and Training Assessment Services,ROL,N/A (Not on 189 List),70,65,0,0,0,0,0,0,0,0,0,0,0,0,2026-07-31
451816,Religious Assistants,Tier 4 — Short-Term / Regional State-Nominated Occupations,VETASSESS,Vocational Education and Training Assessment Services,ROL,N/A (Not on 189 List),70,65,0,0,0,0,0,0,0,0,0,0,0,0,2026-07-31
451899,Personal Service Workers (not covered elsewhere),Tier 4 — Short-Term / Regional State-Nominated Occupations,VETASSESS,Vocational Education and Training Assessment Services,ROL,N/A (Not on 189 List),70,65,0,0,0,0,0,0,0,0,0,0,0,0,2026-07-31
452211,Bungy Jump Masters,Tier 4 — Short-Term / Regional State-Nominated Occupations,VETASSESS,Vocational Education and Training Assessment Services,ROL,N/A (Not on 189 List),70,65,0,0,0,0,0,0,0,0,0,0,0,0,2026-07-31
452212,Fishing Guides,Tier 4 — Short-Term / Regional State-Nominated Occupations,VETASSESS,Vocational Education and Training Assessment Services,ROL,N/A (Not on 189 List),70,65,0,0,0,0,0,0,0,0,0,0,0,0,2026-07-31
452213,Hunting Guides,Tier 4 — Short-Term / Regional State-Nominated Occupations,VETASSESS,Vocational Education and Training Assessment Services,ROL,N/A (Not on 189 List),70,65,0,0,0,0,0,0,0,0,0,0,0,0,2026-07-31
452214,Mountain and Glacier Guides,Tier 4 — Short-Term / Regional State-Nominated Occupations,VETASSESS,Vocational Education and Training Assessment Services,ROL,N/A (Not on 189 List),70,65,0,0,0,0,0,0,0,0,0,0,0,0,2026-07-31
452215,Outdoor Adventure Instructors,Tier 4 — Short-Term / Regional State-Nominated Occupations,VETASSESS,Vocational Education and Training Assessment Services,ROL,N/A (Not on 189 List),70,65,0,0,0,0,0,0,0,0,0,0,0,0,2026-07-31
452216,Trekking Guides,Tier 4 — Short-Term / Regional State-Nominated Occupations,VETASSESS,Vocational Education and Training Assessment Services,ROL,N/A (Not on 189 List),70,65,0,0,0,0,0,0,0,0,0,0,0,0,2026-07-31
452217,Whitewater Rafting Guides,Tier 4 — Short-Term / Regional State-Nominated Occupations,VETASSESS,Vocational Education and Training Assessment Services,ROL,N/A (Not on 189 List),70,65,0,0,0,0,0,0,0,0,0,0,0,0,2026-07-31
452299,Other Outdoor Adventure Guides,Tier 4 — Short-Term / Regional State-Nominated Occupations,VETASSESS,Vocational Education and Training Assessment Services,ROL,N/A (Not on 189 List),70,65,0,0,0,0,0,0,0,0,0,0,0,0,2026-07-31
452311,"Scuba, Snorkelling and Dive instructors",Tier 4 — Short-Term / Regional State-Nominated Occupations,VETASSESS,Vocational Education and Training Assessment Services,ROL,N/A (Not on 189 List),70,65,0,0,0,0,0,0,<20,0,<20,0,<20,<20,2026-07-31
452312,Gymnastics Coaches and Instructors,Tier 4 — Short-Term / Regional State-Nominated Occupations,VETASSESS,Vocational Education and Training Assessment Services,ROL,N/A (Not on 189 List),70,65,0,0,0,0,0,<20,0,<20,0,<20,<20,0,2026-07-31
452313,Horse Riding Coaches and Instructors,Tier 4 — Short-Term / Regional State-Nominated Occupations,VETASSESS,Vocational Education and Training Assessment Services,ROL,N/A (Not on 189 List),70,65,0,0,0,0,0,0,0,0,0,0,0,<20,2026-07-31
452314,Snowsport Instructors,Tier 4 — Short-Term / Regional State-Nominated Occupations,VETASSESS,Vocational Education and Training Assessment Services,ROL,N/A (Not on 189 List),70,65,0,0,0,0,0,0,0,0,0,0,0,<20,2026-09-30
452315,Swimming Coaches and Instructors,Tier 4 — Short-Term / Regional State-Nominated Occupations,VETASSESS,Vocational Education and Training Assessment Services,ROL,N/A (Not on 189 List),70,65,0,0,0,0,0,<20,<20,<20,<20,<20,<20,<20,2026-07-31
452316,Tennis Coaches,Tier 4 — Short-Term / Regional State-Nominated Occupations,VETASSESS,Vocational Education and Training Assessment Services,ROL,N/A (Not on 189 List),70,65,0,0,0,0,0,<20,0,<20,<20,<20,<20,<20,2026-07-31
452317,Other Sports Coaches and Instructors,Tier 4 — Short-Term / Regional State-Nominated Occupations,VETASSESS,Vocational Education and Training Assessment Services,ROL,N/A (Not on 189 List),70,65,0,27,131,158,<20,<20,<20,<20,<20,27,<20,<20,2026-07-31
452318,Dog and Horse Racing Officials,Tier 4 — Short-Term / Regional State-Nominated Occupations,VETASSESS,Vocational Education and Training Assessment Services,ROL,N/A (Not on 189 List),70,65,0,0,0,0,0,0,0,0,0,0,0,0,2026-07-31
452321,Sports Development Officers,Tier 4 — Short-Term / Regional State-Nominated Occupations,VETASSESS,Vocational Education and Training Assessment Services,ROL,N/A (Not on 189 List),70,65,0,0,0,0,<20,<20,<20,<20,<20,<20,<20,<20,2026-07-31
452322,Sports Umpires,Tier 4 — Short-Term / Regional State-Nominated Occupations,VETASSESS,Vocational Education and Training Assessment Services,ROL,N/A (Not on 189 List),70,65,0,0,0,0,0,0,0,0,0,0,0,0,2026-07-31
452323,Other Sports Officials,Tier 4 — Short-Term / Regional State-Nominated Occupations,VETASSESS,Vocational Education and Training Assessment Services,ROL,N/A (Not on 189 List),70,65,0,0,0,0,0,0,0,0,0,0,0,0,2026-07-31
452411,"Footballers (Soccer, Rugby and AFL)",Tier 4 — Short-Term / Regional State-Nominated Occupations,VETASSESS,Vocational Education and Training Assessment Services,ROL,N/A (Not on 189 List),70,65,0,0,0,0,0,0,0,<20,0,0,0,<20,2026-07-31
452412,Golfers,Tier 4 — Short-Term / Regional State-Nominated Occupations,VETASSESS,Vocational Education and Training Assessment Services,ROL,N/A (Not on 189 List),70,65,0,0,0,0,0,0,0,0,0,0,0,0,2026-07-31
452413,Jockeys,Tier 4 — Short-Term / Regional State-Nominated Occupations,VETASSESS,Vocational Education and Training Assessment Services,ROL,N/A (Not on 189 List),70,65,0,0,0,0,0,0,0,0,0,0,0,0,2026-07-31
452414,Lifeguards,Tier 4 — Short-Term / Regional State-Nominated Occupations,VETASSESS,Vocational Education and Training Assessment Services,ROL,N/A (Not on 189 List),70,65,0,0,0,0,0,0,0,0,0,0,0,0,2026-07-31
452499,Other Sportspersons,Tier 4 — Short-Term / Regional State-Nominated Occupations,VETASSESS,Vocational Education and Training Assessment Services,ROL,N/A (Not on 189 List),70,65,0,0,0,0,0,0,0,0,0,<20,0,0,2026-07-31
511111,Contract Administrators,Tier 4 — Short-Term / Regional State-Nominated Occupations,VETASSESS,Vocational Education and Training Assessment Services,ROL,N/A (Not on 189 List),70,65,0,1212,1669,2881,<20,24,79,93,148,274,296,177,2026-07-31
511112,Program and Project Administrators,Tier 4 — Short-Term / Regional State-Nominated Occupations,VETASSESS,Vocational Education and Training Assessment Services,ROL,N/A (Not on 189 List),70,65,0,2625,3258,5883,28,67,178,219,476,426,578,404,2026-09-30
512211,Health Practice Managers,Tier 4 — Short-Term / Regional State-Nominated Occupations,VETASSESS,Vocational Education and Training Assessment Services,ROL,N/A (Not on 189 List),70,65,0,0,0,0,0,0,0,0,0,0,0,0,2026-07-31
512299,Other Practice Managers,Tier 4 — Short-Term / Regional State-Nominated Occupations,VETASSESS,Vocational Education and Training Assessment Services,ROL,N/A (Not on 189 List),70,65,0,0,0,0,0,0,0,0,0,0,0,0,2026-07-31
521211,Secretaries (General),Tier 4 — Short-Term / Regional State-Nominated Occupations,VETASSESS,Vocational Education and Training Assessment Services,ROL,N/A (Not on 189 List),70,65,0,0,0,0,0,0,0,0,0,0,0,0,2026-07-31
521212,Legal Secretaries,Tier 4 — Short-Term / Regional State-Nominated Occupations,VETASSESS,Vocational Education and Training Assessment Services,ROL,N/A (Not on 189 List),70,65,0,0,0,0,0,0,0,0,0,0,0,0,2026-07-31
532111,Data Entry Operators,Tier 4 — Short-Term / Regional State-Nominated Occupations,VETASSESS,Vocational Education and Training Assessment Services,ROL,N/A (Not on 189 List),70,65,0,0,0,0,0,0,0,0,0,0,0,0,2026-07-31
532112,Machine Shorthand Reporters,Tier 4 — Short-Term / Regional State-Nominated Occupations,VETASSESS,Vocational Education and Training Assessment Services,ROL,N/A (Not on 189 List),70,65,0,0,0,0,0,0,0,0,0,0,0,0,2026-07-31
532113,Typists,Tier 4 — Short-Term / Regional State-Nominated Occupations,VETASSESS,Vocational Education and Training Assessment Services,ROL,N/A (Not on 189 List),70,65,0,0,0,0,0,0,0,0,0,0,0,0,2026-07-31
541111,Call Centre or Contact Centre Team Leaders,Tier 4 — Short-Term / Regional State-Nominated Occupations,VETASSESS,Vocational Education and Training Assessment Services,ROL,N/A (Not on 189 List),70,65,0,0,0,0,0,0,0,0,0,0,0,0,2026-07-31
541112,Call Centre or Contact Centre Operators,Tier 4 — Short-Term / Regional State-Nominated Occupations,VETASSESS,Vocational Education and Training Assessment Services,ROL,N/A (Not on 189 List),70,65,0,0,0,0,0,0,0,0,0,0,0,0,2026-07-31
542111,Receptionists (General),Tier 4 — Short-Term / Regional State-Nominated Occupations,VETASSESS,Vocational Education and Training Assessment Services,ROL,N/A (Not on 189 List),70,65,0,0,0,0,0,0,0,0,0,0,0,0,2026-07-31
542112,Admissions Clerks,Tier 4 — Short-Term / Regional State-Nominated Occupations,VETASSESS,Vocational Education and Training Assessment Services,ROL,N/A (Not on 189 List),70,65,0,0,0,0,0,0,0,0,0,0,0,0,2026-07-31
542113,Hotel and Motel Receptionists,Tier 4 — Short-Term / Regional State-Nominated Occupations,VETASSESS,Vocational Education and Training Assessment Services,ROL,N/A (Not on 189 List),70,65,0,0,0,0,0,0,0,0,0,0,0,0,2026-07-31
542114,Medical Receptionists,Tier 4 — Short-Term / Regional State-Nominated Occupations,VETASSESS,Vocational Education and Training Assessment Services,ROL,N/A (Not on 189 List),70,65,0,0,0,0,0,0,0,0,0,0,0,0,2026-07-31
551111,Accounts Clerks,Tier 4 — Short-Term / Regional State-Nominated Occupations,VETASSESS,Vocational Education and Training Assessment Services,ROL,N/A (Not on 189 List),70,65,0,0,0,0,0,0,0,0,0,0,0,0,2026-07-31
551112,Cost Clerks,Tier 4 — Short-Term / Regional State-Nominated Occupations,VETASSESS,Vocational Education and Training Assessment Services,ROL,N/A (Not on 189 List),70,65,0,0,0,0,0,0,0,0,0,0,0,0,2026-07-31
552311,Bookmakers,Tier 4 — Short-Term / Regional State-Nominated Occupations,VETASSESS,Vocational Education and Training Assessment Services,ROL,N/A (Not on 189 List),70,65,0,0,0,0,0,0,0,0,0,0,0,0,2026-07-31
552312,Insurance Consultants,Tier 4 — Short-Term / Regional State-Nominated Occupations,VETASSESS,Vocational Education and Training Assessment Services,ROL,N/A (Not on 189 List),70,65,0,0,0,0,0,0,0,0,0,0,0,0,2026-07-31
552313,Money Market Clerks,Tier 4 — Short-Term / Regional State-Nominated Occupations,VETASSESS,Vocational Education and Training Assessment Services,ROL,N/A (Not on 189 List),70,65,0,0,0,0,0,0,0,0,0,0,0,0,2026-07-31
552314,Statistical Clerks,Tier 4 — Short-Term / Regional State-Nominated Occupations,VETASSESS,Vocational Education and Training Assessment Services,ROL,N/A (Not on 189 List),70,65,0,0,0,0,0,0,0,0,0,0,0,0,2026-07-31
561111,Betting Agency Counter Clerks,Tier 4 — Short-Term / Regional State-Nominated Occupations,VETASSESS,Vocational Education and Training Assessment Services,ROL,N/A (Not on 189 List),70,65,0,0,0,0,0,0,0,0,0,0,0,0,2026-07-31
561112,Bookmaker's Clerks,Tier 4 — Short-Term / Regional State-Nominated Occupations,VETASSESS,Vocational Education and Training Assessment Services,ROL,N/A (Not on 189 List),70,65,0,0,0,0,0,0,0,0,0,0,0,0,2026-07-31
561113,Telephone Betting Clerks,Tier 4 — Short-Term / Regional State-Nominated Occupations,VETASSESS,Vocational Education and Training Assessment Services,ROL,N/A (Not on 189 List),70,65,0,0,0,0,0,0,0,0,0,0,0,0,2026-07-31
561199,Other Betting Clerks,Tier 4 — Short-Term / Regional State-Nominated Occupations,VETASSESS,Vocational Education and Training Assessment Services,ROL,N/A (Not on 189 List),70,65,0,0,0,0,0,0,0,0,0,0,0,0,2026-07-31
561211,Couriers,Tier 4 — Short-Term / Regional State-Nominated Occupations,VETASSESS,Vocational Education and Training Assessment Services,ROL,N/A (Not on 189 List),70,65,0,0,0,0,0,0,0,0,0,0,0,0,2026-07-31
561212,Postal Delivery Officers,Tier 4 — Short-Term / Regional State-Nominated Occupations,VETASSESS,Vocational Education and Training Assessment Services,ROL,N/A (Not on 189 List),70,65,0,0,0,0,0,0,0,0,0,0,0,0,2026-07-31
561411,Mail Clerks,Tier 4 — Short-Term / Regional State-Nominated Occupations,VETASSESS,Vocational Education and Training Assessment Services,ROL,N/A (Not on 189 List),70,65,0,0,0,0,0,0,0,0,0,0,0,0,2026-07-31
561412,Postal Sorting Officers,Tier 4 — Short-Term / Regional State-Nominated Occupations,VETASSESS,Vocational Education and Training Assessment Services,ROL,N/A (Not on 189 List),70,65,0,0,0,0,0,0,0,0,0,0,0,0,2026-07-31
561911,Classified Advertising Clerks,Tier 4 — Short-Term / Regional State-Nominated Occupations,VETASSESS,Vocational Education and Training Assessment Services,ROL,N/A (Not on 189 List),70,65,0,0,0,0,0,0,0,0,0,0,0,0,2026-07-31
561912,Meter Readers,Tier 4 — Short-Term / Regional State-Nominated Occupations,VETASSESS,Vocational Education and Training Assessment Services,ROL,N/A (Not on 189 List),70,65,0,0,0,0,0,0,0,0,0,0,0,0,2026-07-31
561913,Parking Inspectors,Tier 4 — Short-Term / Regional State-Nominated Occupations,VETASSESS,Vocational Education and Training Assessment Services,ROL,N/A (Not on 189 List),70,65,0,0,0,0,0,0,0,0,0,0,0,0,2026-07-31
561999,Clerical and Office Support Workers (not covered elsewhere),Tier 4 — Short-Term / Regional State-Nominated Occupations,VETASSESS,Vocational Education and Training Assessment Services,ROL,N/A (Not on 189 List),70,65,0,0,0,0,0,0,0,0,0,0,0,0,2026-07-31
591112,Production Clerks,Tier 4 — Short-Term / Regional State-Nominated Occupations,VETASSESS,Vocational Education and Training Assessment Services,ROL,N/A (Not on 189 List),70,65,0,0,0,0,0,0,0,0,0,0,0,0,2026-07-31
591113,Purchasing Officers,Tier 4 — Short-Term / Regional State-Nominated Occupations,VETASSESS,Vocational Education and Training Assessment Services,ROL,N/A (Not on 189 List),70,65,0,0,0,0,0,0,0,0,0,0,0,0,2026-07-31
591115,Stock Clerks,Tier 4 — Short-Term / Regional State-Nominated Occupations,VETASSESS,Vocational Education and Training Assessment Services,ROL,N/A (Not on 189 List),70,65,0,0,0,0,0,0,0,0,0,0,0,0,2026-07-31
591116,Warehouse Administrators,Tier 4 — Short-Term / Regional State-Nominated Occupations,VETASSESS,Vocational Education and Training Assessment Services,ROL,N/A (Not on 189 List),70,65,0,0,0,0,0,0,0,0,0,0,0,0,2026-07-31
591117,Order Clerks,Tier 4 — Short-Term / Regional State-Nominated Occupations,VETASSESS,Vocational Education and Training Assessment Services,ROL,N/A (Not on 189 List),70,65,0,0,0,0,0,0,0,0,0,0,0,0,2026-07-31
591211,Despatching and Receiving Clerks,Tier 4 — Short-Term / Regional State-Nominated Occupations,VETASSESS,Vocational Education and Training Assessment Services,ROL,N/A (Not on 189 List),70,65,0,0,0,0,0,0,0,0,0,0,0,0,2026-07-31
591212,Import-Export Clerks,Tier 4 — Short-Term / Regional State-Nominated Occupations,VETASSESS,Vocational Education and Training Assessment Services,ROL,N/A (Not on 189 List),70,65,0,0,0,0,0,0,0,0,0,0,0,0,2026-07-31
599111,Conveyancers,Tier 4 — Short-Term / Regional State-Nominated Occupations,VETASSESS,Vocational Education and Training Assessment Services,ROL,N/A (Not on 189 List),70,65,0,0,0,0,0,0,0,0,0,0,0,0,2026-07-31
599112,Legal Executives,Tier 4 — Short-Term / Regional State-Nominated Occupations,VETASSESS,Vocational Education and Training Assessment Services,ROL,N/A (Not on 189 List),70,65,0,0,0,0,0,0,0,0,0,0,0,0,2026-07-31
599211,Clerks of Court,Tier 4 — Short-Term / Regional State-Nominated Occupations,VETASSESS,Vocational Education and Training Assessment Services,ROL,N/A (Not on 189 List),70,65,0,0,0,0,0,0,0,0,0,0,0,0,2026-07-31
599212,Court Bailiffs and Sheriffs,Tier 4 — Short-Term / Regional State-Nominated Occupations,VETASSESS,Vocational Education and Training Assessment Services,ROL,N/A (Not on 189 List),70,65,0,0,0,0,0,0,0,0,0,0,0,0,2026-07-31
599213,Court Orderlies,Tier 4 — Short-Term / Regional State-Nominated Occupations,VETASSESS,Vocational Education and Training Assessment Services,ROL,N/A (Not on 189 List),70,65,0,0,0,0,0,0,0,0,0,0,0,0,2026-07-31
599214,Law Clerks,Tier 4 — Short-Term / Regional State-Nominated Occupations,VETASSESS,Vocational Education and Training Assessment Services,ROL,N/A (Not on 189 List),70,65,0,0,0,0,0,0,0,0,0,0,0,0,2026-07-31
599215,Trust Officers,Tier 4 — Short-Term / Regional State-Nominated Occupations,VETASSESS,Vocational Education and Training Assessment Services,ROL,N/A (Not on 189 List),70,65,0,0,0,0,0,0,0,0,0,0,0,0,2026-07-31
599511,Customs Officers,Tier 4 — Short-Term / Regional State-Nominated Occupations,VETASSESS,Vocational Education and Training Assessment Services,ROL,N/A (Not on 189 List),70,65,0,0,0,0,0,0,0,0,0,0,0,0,2026-07-31
599512,Immigration Officers,Tier 4 — Short-Term / Regional State-Nominated Occupations,VETASSESS,Vocational Education and Training Assessment Services,ROL,N/A (Not on 189 List),70,65,0,0,0,0,0,0,0,0,0,0,0,0,2026-07-31
599513,Motor Vehicle Licence Examiners,Tier 4 — Short-Term / Regional State-Nominated Occupations,VETASSESS,Vocational Education and Training Assessment Services,ROL,N/A (Not on 189 List),70,65,0,0,0,0,0,0,0,0,0,0,0,0,2026-07-31
599514,Noxious Weeds and Pest Inspectors,Tier 4 — Short-Term / Regional State-Nominated Occupations,VETASSESS,Vocational Education and Training Assessment Services,ROL,N/A (Not on 189 List),70,65,0,0,0,0,0,0,0,0,0,0,0,0,2026-07-31
599515,Social Security Assessors,Tier 4 — Short-Term / Regional State-Nominated Occupations,VETASSESS,Vocational Education and Training Assessment Services,ROL,N/A (Not on 189 List),70,65,0,0,0,0,0,0,0,0,0,0,0,0,2026-07-31
599516,Taxation Inspectors,Tier 4 — Short-Term / Regional State-Nominated Occupations,VETASSESS,Vocational Education and Training Assessment Services,ROL,N/A (Not on 189 List),70,65,0,0,0,0,0,0,0,0,0,0,0,0,2026-07-31
599517,Train Examiners,Tier 4 — Short-Term / Regional State-Nominated Occupations,VETASSESS,Vocational Education and Training Assessment Services,ROL,N/A (Not on 189 List),70,65,0,0,0,0,0,0,0,0,0,0,0,0,2026-07-31
599518,Transport Operations Inspectors,Tier 4 — Short-Term / Regional State-Nominated Occupations,VETASSESS,Vocational Education and Training Assessment Services,ROL,N/A (Not on 189 List),70,65,0,0,0,0,0,0,0,0,0,0,0,0,2026-07-31
599521,Water Inspectors,Tier 4 — Short-Term / Regional State-Nominated Occupations,VETASSESS,Vocational Education and Training Assessment Services,ROL,N/A (Not on 189 List),70,65,0,0,0,0,0,0,0,0,0,0,0,0,2026-07-31
599599,Other Inspectors and Regulatory Officers,Tier 4 — Short-Term / Regional State-Nominated Occupations,VETASSESS,Vocational Education and Training Assessment Services,ROL,N/A (Not on 189 List),70,65,0,0,0,0,0,0,0,0,0,0,0,0,2026-07-31
599611,Insurance Investigators,Tier 4 — Short-Term / Regional State-Nominated Occupations,VETASSESS,Vocational Education and Training Assessment Services,ROL,N/A (Not on 189 List),70,65,0,0,0,0,0,0,0,0,0,0,0,0,2026-07-31
599612,Insurance Loss Adjusters,Tier 4 — Short-Term / Regional State-Nominated Occupations,VETASSESS,Vocational Education and Training Assessment Services,ROL,N/A (Not on 189 List),70,65,0,22,42,64,0,<20,<20,<20,22,<20,<20,<20,2026-07-31
599613,Insurance Risk Surveyors,Tier 4 — Short-Term / Regional State-Nominated Occupations,VETASSESS,Vocational Education and Training Assessment Services,ROL,N/A (Not on 189 List),70,65,0,0,0,0,0,0,0,0,0,0,0,0,2026-07-31
599912,"Production Assistants (Film, Television, Radio or Stage)",Tier 4 — Short-Term / Regional State-Nominated Occupations,VETASSESS,Vocational Education and Training Assessment Services,ROL,N/A (Not on 189 List),70,65,0,0,0,0,0,0,0,0,0,0,0,0,2026-07-31
599913,Proof Readers,Tier 4 — Short-Term / Regional State-Nominated Occupations,VETASSESS,Vocational Education and Training Assessment Services,ROL,N/A (Not on 189 List),70,65,0,0,0,0,0,0,0,0,0,0,0,0,2026-07-31
599914,Radio Despatchers,Tier 4 — Short-Term / Regional State-Nominated Occupations,VETASSESS,Vocational Education and Training Assessment Services,ROL,N/A (Not on 189 List),70,65,0,0,0,0,0,0,0,0,0,0,0,0,2026-07-31
599915,Clinical Coders,Tier 4 — Short-Term / Regional State-Nominated Occupations,VETASSESS,Vocational Education and Training Assessment Services,ROL,N/A (Not on 189 List),70,65,0,0,230,230,0,0,0,0,0,0,0,0,2026-07-31
599916,Facilities Administrators,Tier 4 — Short-Term / Regional State-Nominated Occupations,VETASSESS,Vocational Education and Training Assessment Services,ROL,N/A (Not on 189 List),70,65,0,0,0,0,0,0,0,0,0,0,0,0,2026-07-31
599999,Clerical and Administrative Workers (not covered elsewhere),Tier 4 — Short-Term / Regional State-Nominated Occupations,VETASSESS,Vocational Education and Training Assessment Services,ROL,N/A (Not on 189 List),70,65,0,0,0,0,0,0,0,0,0,0,0,0,2026-07-31
611111,Auctioneers,Tier 4 — Short-Term / Regional State-Nominated Occupations,VETASSESS,Vocational Education and Training Assessment Services,ROL,N/A (Not on 189 List),70,65,0,0,0,0,0,0,0,0,0,0,0,0,2026-07-31
611112,Stock and Station Agents,Tier 4 — Short-Term / Regional State-Nominated Occupations,VETASSESS,Vocational Education and Training Assessment Services,ROL,N/A (Not on 189 List),70,65,0,0,0,0,0,0,0,0,0,0,0,0,2026-07-31
611311,Sales Representatives (Building and Plumbing Supplies),Tier 4 — Short-Term / Regional State-Nominated Occupations,VETASSESS,Vocational Education and Training Assessment Services,ROL,N/A (Not on 189 List),70,65,0,0,0,0,0,0,0,0,0,0,0,0,2026-07-31
611312,Sales Representatives (Business Services),Tier 4 — Short-Term / Regional State-Nominated Occupations,VETASSESS,Vocational Education and Training Assessment Services,ROL,N/A (Not on 189 List),70,65,0,0,0,0,0,0,0,0,0,0,0,0,2026-07-31
611313,Sales Representatives (Motor Vehicle Parts and Accessories),Tier 4 — Short-Term / Regional State-Nominated Occupations,VETASSESS,Vocational Education and Training Assessment Services,ROL,N/A (Not on 189 List),70,65,0,0,0,0,0,0,0,0,0,0,0,0,2026-07-31
611314,Sales Representatives (Personal and Household Goods),Tier 4 — Short-Term / Regional State-Nominated Occupations,VETASSESS,Vocational Education and Training Assessment Services,ROL,N/A (Not on 189 List),70,65,0,0,0,0,0,0,0,0,0,0,0,0,2026-07-31
611399,Other Sales Representatives,Tier 4 — Short-Term / Regional State-Nominated Occupations,VETASSESS,Vocational Education and Training Assessment Services,ROL,N/A (Not on 189 List),70,65,0,0,0,0,0,0,0,0,0,0,0,0,2026-07-31
612111,Business Brokers,Tier 4 — Short-Term / Regional State-Nominated Occupations,VETASSESS,Vocational Education and Training Assessment Services,ROL,N/A (Not on 189 List),70,65,0,0,0,0,0,0,0,0,0,0,0,0,2026-07-31
612112,Property Managers,Tier 4 — Short-Term / Regional State-Nominated Occupations,VETASSESS,Vocational Education and Training Assessment Services,ROL,N/A (Not on 189 List),70,65,0,0,27,27,0,0,0,0,0,0,0,0,2026-07-31
612113,Real Estate Agency Principals,Tier 4 — Short-Term / Regional State-Nominated Occupations,VETASSESS,Vocational Education and Training Assessment Services,ROL,N/A (Not on 189 List),70,65,0,0,0,0,0,0,0,0,0,0,0,0,2026-07-31
612114,Real Estate Agents,Tier 4 — Short-Term / Regional State-Nominated Occupations,VETASSESS,Vocational Education and Training Assessment Services,ROL,N/A (Not on 189 List),70,65,0,0,0,0,0,0,0,0,0,0,0,0,2026-07-31
612115,Real Estate Representatives,Tier 4 — Short-Term / Regional State-Nominated Occupations,VETASSESS,Vocational Education and Training Assessment Services,ROL,N/A (Not on 189 List),70,65,0,0,75,75,0,0,0,0,0,0,0,0,2026-07-31
621311,Motor Vehicle and Caravan Salespersons,Tier 4 — Short-Term / Regional State-Nominated Occupations,VETASSESS,Vocational Education and Training Assessment Services,ROL,N/A (Not on 189 List),70,65,0,0,0,0,0,0,0,0,0,0,0,0,2026-07-31
621312,Motor Vehicle Parts Interpreters,Tier 4 — Short-Term / Regional State-Nominated Occupations,NAATI,National Accreditation Authority for Translators and Interpreters,ROL,N/A (Not on 189 List),70,65,0,0,0,0,0,0,0,0,0,0,0,0,2026-07-31
621711,Cash Van Salespersons,Tier 4 — Short-Term / Regional State-Nominated Occupations,VETASSESS,Vocational Education and Training Assessment Services,ROL,N/A (Not on 189 List),70,65,0,0,0,0,0,0,0,0,0,0,0,0,2026-07-31
621712,Door-to-door Salespersons,Tier 4 — Short-Term / Regional State-Nominated Occupations,VETASSESS,Vocational Education and Training Assessment Services,ROL,N/A (Not on 189 List),70,65,0,0,0,0,0,0,0,0,0,0,0,0,2026-07-31
621713,Street Vendors,Tier 4 — Short-Term / Regional State-Nominated Occupations,VETASSESS,Vocational Education and Training Assessment Services,ROL,N/A (Not on 189 List),70,65,0,0,0,0,0,0,0,0,0,0,0,0,2026-07-31
621911,Materials Recyclers,Tier 4 — Short-Term / Regional State-Nominated Occupations,VETASSESS,Vocational Education and Training Assessment Services,ROL,N/A (Not on 189 List),70,65,0,0,0,0,0,0,0,0,0,0,0,0,2026-07-31
621912,Rental Salespersons,Tier 4 — Short-Term / Regional State-Nominated Occupations,VETASSESS,Vocational Education and Training Assessment Services,ROL,N/A (Not on 189 List),70,65,0,0,0,0,0,0,0,0,0,0,0,0,2026-07-31
621999,Sales Assistants and Salespersons (not covered elsewhere),Tier 4 — Short-Term / Regional State-Nominated Occupations,VETASSESS,Vocational Education and Training Assessment Services,ROL,N/A (Not on 189 List),70,65,0,0,0,0,0,0,0,0,0,0,0,0,2026-07-31
631111,Checkout Operators,Tier 4 — Short-Term / Regional State-Nominated Occupations,VETASSESS,Vocational Education and Training Assessment Services,ROL,N/A (Not on 189 List),70,65,0,0,0,0,0,0,0,0,0,0,0,0,2026-07-31
631112,Cashiers,Tier 4 — Short-Term / Regional State-Nominated Occupations,VETASSESS,Vocational Education and Training Assessment Services,ROL,N/A (Not on 189 List),70,65,0,0,0,0,0,0,0,0,0,0,0,0,2026-07-31
639111,Models,Tier 4 — Short-Term / Regional State-Nominated Occupations,VETASSESS,Vocational Education and Training Assessment Services,ROL,N/A (Not on 189 List),70,65,0,0,0,0,0,0,0,0,0,0,0,0,2026-07-31
639112,Sales Demonstrators,Tier 4 — Short-Term / Regional State-Nominated Occupations,VETASSESS,Vocational Education and Training Assessment Services,ROL,N/A (Not on 189 List),70,65,0,0,0,0,0,0,0,0,0,0,0,0,2026-07-31
639211,Retail Buyers,Tier 4 — Short-Term / Regional State-Nominated Occupations,VETASSESS,Vocational Education and Training Assessment Services,ROL,N/A (Not on 189 List),70,65,0,48,75,123,<20,<20,<20,<20,23,<20,25,<20,2026-07-31
639212,Wool Buyers,Tier 4 — Short-Term / Regional State-Nominated Occupations,VETASSESS,Vocational Education and Training Assessment Services,ROL,N/A (Not on 189 List),70,65,0,0,0,0,0,0,0,0,0,0,0,0,2026-07-31
639411,Ticket Sellers,Tier 4 — Short-Term / Regional State-Nominated Occupations,VETASSESS,Vocational Education and Training Assessment Services,ROL,N/A (Not on 189 List),70,65,0,0,0,0,0,0,0,0,0,0,0,0,2026-07-31
639412,Transport Conductors,Tier 4 — Short-Term / Regional State-Nominated Occupations,VETASSESS,Vocational Education and Training Assessment Services,ROL,N/A (Not on 189 List),70,65,0,0,0,0,0,0,0,0,0,0,0,0,2026-07-31
711111,Clay Products Machine Operators,Tier 4 — Short-Term / Regional State-Nominated Occupations,VETASSESS,Vocational Education and Training Assessment Services,ROL,N/A (Not on 189 List),70,65,0,0,0,0,0,0,0,0,0,0,0,0,2026-07-31
711112,Concrete Products Machine Operators,Tier 4 — Short-Term / Regional State-Nominated Occupations,VETASSESS,Vocational Education and Training Assessment Services,ROL,N/A (Not on 189 List),70,65,0,0,0,0,0,0,0,0,0,0,0,0,2026-07-31
711113,Glass Production Machine Operators,Tier 4 — Short-Term / Regional State-Nominated Occupations,VETASSESS,Vocational Education and Training Assessment Services,ROL,N/A (Not on 189 List),70,65,0,0,0,0,0,0,0,0,0,0,0,0,2026-07-31
711114,Stone Processing Machine Operators,Tier 4 — Short-Term / Regional State-Nominated Occupations,VETASSESS,Vocational Education and Training Assessment Services,ROL,N/A (Not on 189 List),70,65,0,0,0,0,0,0,0,0,0,0,0,0,2026-07-31
711199,"Other Clay, Concrete, Glass and Stone Processing Machine Operators",Tier 4 — Short-Term / Regional State-Nominated Occupations,VETASSESS,Vocational Education and Training Assessment Services,ROL,N/A (Not on 189 List),70,65,0,0,0,0,0,0,0,0,0,0,0,0,2026-07-31
711311,Paper Products Machine Operators,Tier 4 — Short-Term / Regional State-Nominated Occupations,VETASSESS,Vocational Education and Training Assessment Services,ROL,N/A (Not on 189 List),70,65,0,0,0,0,0,0,0,0,0,0,0,0,2026-07-31
711313,Sawmilling Operators,Tier 4 — Short-Term / Regional State-Nominated Occupations,VETASSESS,Vocational Education and Training Assessment Services,ROL,N/A (Not on 189 List),70,65,0,0,0,0,0,0,0,0,0,0,0,0,2026-07-31
711314,Other Wood Processing Machine Operators,Tier 4 — Short-Term / Regional State-Nominated Occupations,VETASSESS,Vocational Education and Training Assessment Services,ROL,N/A (Not on 189 List),70,65,0,0,0,0,0,0,0,0,0,0,0,0,2026-07-31
711511,Plastic Cablemaking Machine Operators,Tier 4 — Short-Term / Regional State-Nominated Occupations,VETASSESS,Vocational Education and Training Assessment Services,ROL,N/A (Not on 189 List),70,65,0,0,0,0,0,0,0,0,0,0,0,0,2026-07-31
711512,Plastic Compounding and Reclamation Machine Operators,Tier 4 — Short-Term / Regional State-Nominated Occupations,VETASSESS,Vocational Education and Training Assessment Services,ROL,N/A (Not on 189 List),70,65,0,0,0,0,0,0,0,0,0,0,0,0,2026-07-31
711513,Plastics Fabricators and Welders,Tier 4 — Short-Term / Regional State-Nominated Occupations,VETASSESS,Vocational Education and Training Assessment Services,ROL,N/A (Not on 189 List),70,65,0,0,0,0,0,0,0,0,0,0,0,0,2026-07-31
711514,Plastics Production Machine Operators (General),Tier 4 — Short-Term / Regional State-Nominated Occupations,VETASSESS,Vocational Education and Training Assessment Services,ROL,N/A (Not on 189 List),70,65,0,0,0,0,0,0,0,0,0,0,0,0,2026-07-31
711515,Reinforced Plastic and Composite Production Workers,Tier 4 — Short-Term / Regional State-Nominated Occupations,VETASSESS,Vocational Education and Training Assessment Services,ROL,N/A (Not on 189 List),70,65,0,0,0,0,0,0,0,0,0,0,0,0,2026-07-31
711516,Rubber Production Machine Operators,Tier 4 — Short-Term / Regional State-Nominated Occupations,VETASSESS,Vocational Education and Training Assessment Services,ROL,N/A (Not on 189 List),70,65,0,0,0,0,0,0,0,0,0,0,0,0,2026-07-31
711599,Other Plastics and Rubber Production Machine Operators,Tier 4 — Short-Term / Regional State-Nominated Occupations,VETASSESS,Vocational Education and Training Assessment Services,ROL,N/A (Not on 189 List),70,65,0,0,0,0,0,0,0,0,0,0,0,0,2026-07-31
711711,Footwear Production Machine Operators,Tier 4 — Short-Term / Regional State-Nominated Occupations,VETASSESS,Vocational Education and Training Assessment Services,ROL,N/A (Not on 189 List),70,65,0,0,0,0,0,0,0,0,0,0,0,0,2026-07-31
711712,Hide and Skin Processing Machine Operators,Tier 4 — Short-Term / Regional State-Nominated Occupations,VETASSESS,Vocational Education and Training Assessment Services,ROL,N/A (Not on 189 List),70,65,0,0,0,0,0,0,0,0,0,0,0,0,2026-07-31
711713,Knitting Machine Operators,Tier 4 — Short-Term / Regional State-Nominated Occupations,VETASSESS,Vocational Education and Training Assessment Services,ROL,N/A (Not on 189 List),70,65,0,0,0,0,0,0,0,0,0,0,0,0,2026-07-31
711714,Textile Dyeing and Finishing Machine Operators,Tier 4 — Short-Term / Regional State-Nominated Occupations,VETASSESS,Vocational Education and Training Assessment Services,ROL,N/A (Not on 189 List),70,65,0,0,0,0,0,0,0,0,0,0,0,0,2026-07-31
711715,Weaving Machine Operators,Tier 4 — Short-Term / Regional State-Nominated Occupations,VETASSESS,Vocational Education and Training Assessment Services,ROL,N/A (Not on 189 List),70,65,0,0,0,0,0,0,0,0,0,0,0,0,2026-07-31
711716,Yarn Carding and Spinning Machine Operators,Tier 4 — Short-Term / Regional State-Nominated Occupations,VETASSESS,Vocational Education and Training Assessment Services,ROL,N/A (Not on 189 List),70,65,0,0,0,0,0,0,0,0,0,0,0,0,2026-07-31
711799,Other Textile and Footwear Production Machine Operators,Tier 4 — Short-Term / Regional State-Nominated Occupations,VETASSESS,Vocational Education and Training Assessment Services,ROL,N/A (Not on 189 List),70,65,0,0,0,0,0,0,0,0,0,0,0,0,2026-07-31
711911,Chemical Production Machine Operators,Tier 4 — Short-Term / Regional State-Nominated Occupations,VETASSESS,Vocational Education and Training Assessment Services,ROL,N/A (Not on 189 List),70,65,0,0,0,0,0,0,0,0,0,0,0,0,2026-07-31
711912,Motion Picture Projectionists,Tier 4 — Short-Term / Regional State-Nominated Occupations,VETASSESS,Vocational Education and Training Assessment Services,ROL,N/A (Not on 189 List),70,65,0,0,0,0,0,0,0,0,0,0,0,0,2026-07-31
711913,Sand Blasters,Tier 4 — Short-Term / Regional State-Nominated Occupations,VETASSESS,Vocational Education and Training Assessment Services,ROL,N/A (Not on 189 List),70,65,0,0,0,0,0,0,0,0,0,0,0,0,2026-07-31
711914,Sterilisation Technicians,Tier 4 — Short-Term / Regional State-Nominated Occupations,VETASSESS,Vocational Education and Training Assessment Services,ROL,N/A (Not on 189 List),70,65,0,0,0,0,0,0,0,0,0,0,0,0,2026-07-31
711999,Machine Operators (not covered elsewhere),Tier 4 — Short-Term / Regional State-Nominated Occupations,VETASSESS,Vocational Education and Training Assessment Services,ROL,N/A (Not on 189 List),70,65,0,0,0,0,0,0,0,0,0,0,0,0,2026-07-31
712211,Drillers,Tier 4 — Short-Term / Regional State-Nominated Occupations,VETASSESS,Vocational Education and Training Assessment Services,ROL,N/A (Not on 189 List),70,65,0,0,0,0,0,0,0,0,0,0,0,0,2026-07-31
712212,Miners,Tier 4 — Short-Term / Regional State-Nominated Occupations,VETASSESS,Vocational Education and Training Assessment Services,ROL,N/A (Not on 189 List),70,65,0,0,0,0,0,0,0,0,0,0,0,0,2026-07-31
712213,Shot Firers,Tier 4 — Short-Term / Regional State-Nominated Occupations,VETASSESS,Vocational Education and Training Assessment Services,ROL,N/A (Not on 189 List),70,65,0,0,0,0,0,0,0,0,0,0,0,0,2026-07-31
712911,Boiler and Engine Operators,Tier 4 — Short-Term / Regional State-Nominated Occupations,VETASSESS,Vocational Education and Training Assessment Services,ROL,N/A (Not on 189 List),70,65,0,0,0,0,0,0,0,0,0,0,0,0,2026-07-31
712912,Bulk Materials Handling Plant Operators,Tier 4 — Short-Term / Regional State-Nominated Occupations,VETASSESS,Vocational Education and Training Assessment Services,ROL,N/A (Not on 189 List),70,65,0,0,0,0,0,0,0,0,0,0,0,0,2026-07-31
712913,Cement Production Plant Operators,Tier 4 — Short-Term / Regional State-Nominated Occupations,VETASSESS,Vocational Education and Training Assessment Services,ROL,N/A (Not on 189 List),70,65,0,0,0,0,0,0,0,0,0,0,0,0,2026-07-31
712914,Concrete Batching Plant Operators,Tier 4 — Short-Term / Regional State-Nominated Occupations,VETASSESS,Vocational Education and Training Assessment Services,ROL,N/A (Not on 189 List),70,65,0,0,0,0,0,0,0,0,0,0,0,0,2026-07-31
712915,Concrete Pump Operators,Tier 4 — Short-Term / Regional State-Nominated Occupations,VETASSESS,Vocational Education and Training Assessment Services,ROL,N/A (Not on 189 List),70,65,0,0,0,0,0,0,0,0,0,0,0,0,2026-07-31
712916,Paper and Pulp Mill Operators,Tier 4 — Short-Term / Regional State-Nominated Occupations,VETASSESS,Vocational Education and Training Assessment Services,ROL,N/A (Not on 189 List),70,65,0,0,0,0,0,0,0,0,0,0,0,0,2026-07-31
712917,Railway Signal Operators,Tier 4 — Short-Term / Regional State-Nominated Occupations,VETASSESS,Vocational Education and Training Assessment Services,ROL,N/A (Not on 189 List),70,65,0,0,0,0,0,0,0,0,0,0,0,0,2026-07-31
712918,Train Controllers,Tier 4 — Short-Term / Regional State-Nominated Occupations,VETASSESS,Vocational Education and Training Assessment Services,ROL,N/A (Not on 189 List),70,65,0,0,0,0,0,0,0,0,0,0,0,0,2026-07-31
712921,Waste Water and Water Plant Operators,Tier 4 — Short-Term / Regional State-Nominated Occupations,VETASSESS,Vocational Education and Training Assessment Services,ROL,N/A (Not on 189 List),70,65,0,0,0,0,0,0,0,0,0,0,0,0,2026-07-31
712922,Weighbridge Operators,Tier 4 — Short-Term / Regional State-Nominated Occupations,VETASSESS,Vocational Education and Training Assessment Services,ROL,N/A (Not on 189 List),70,65,0,0,0,0,0,0,0,0,0,0,0,0,2026-07-31
712999,Stationary Plant Operators (not covered elsewhere),Tier 4 — Short-Term / Regional State-Nominated Occupations,VETASSESS,Vocational Education and Training Assessment Services,ROL,N/A (Not on 189 List),70,65,0,0,0,0,0,0,0,0,0,0,0,0,2026-07-31
721111,Agricultural and Horticultural Mobile Plant Operators,Tier 4 — Short-Term / Regional State-Nominated Occupations,VETASSESS,Vocational Education and Training Assessment Services,ROL,N/A (Not on 189 List),70,65,0,0,0,0,0,0,0,0,0,0,0,0,2026-07-31
721112,Logging Plant Operators,Tier 4 — Short-Term / Regional State-Nominated Occupations,VETASSESS,Vocational Education and Training Assessment Services,ROL,N/A (Not on 189 List),70,65,0,0,0,0,0,0,0,0,0,0,0,0,2026-07-31
721211,Earthmoving Plant Operators (General),Tier 4 — Short-Term / Regional State-Nominated Occupations,VETASSESS,Vocational Education and Training Assessment Services,ROL,N/A (Not on 189 List),70,65,0,0,0,0,0,0,0,0,0,0,0,0,2026-07-31
721212,Backhoe Operators,Tier 4 — Short-Term / Regional State-Nominated Occupations,VETASSESS,Vocational Education and Training Assessment Services,ROL,N/A (Not on 189 List),70,65,0,0,0,0,0,0,0,0,0,0,0,0,2026-07-31
721213,Bulldozer Operators,Tier 4 — Short-Term / Regional State-Nominated Occupations,VETASSESS,Vocational Education and Training Assessment Services,ROL,N/A (Not on 189 List),70,65,0,0,0,0,0,0,0,0,0,0,0,0,2026-07-31
721214,Excavator Operators,Tier 4 — Short-Term / Regional State-Nominated Occupations,VETASSESS,Vocational Education and Training Assessment Services,ROL,N/A (Not on 189 List),70,65,0,0,0,0,0,0,0,0,0,0,0,0,2026-07-31
721215,Grader Operators,Tier 4 — Short-Term / Regional State-Nominated Occupations,VETASSESS,Vocational Education and Training Assessment Services,ROL,N/A (Not on 189 List),70,65,0,0,0,0,0,0,0,0,0,0,0,0,2026-07-31
721216,Loader Operators,Tier 4 — Short-Term / Regional State-Nominated Occupations,VETASSESS,Vocational Education and Training Assessment Services,ROL,N/A (Not on 189 List),70,65,0,0,0,0,0,0,0,0,0,0,0,0,2026-07-31
721911,Aircraft Baggage Handlers and Airline Ground Crews,Tier 4 — Short-Term / Regional State-Nominated Occupations,VETASSESS,Vocational Education and Training Assessment Services,ROL,N/A (Not on 189 List),70,65,0,0,0,0,0,0,0,0,0,0,0,0,2026-07-31
721912,Linemarkers,Tier 4 — Short-Term / Regional State-Nominated Occupations,VETASSESS,Vocational Education and Training Assessment Services,ROL,N/A (Not on 189 List),70,65,0,0,0,0,0,0,0,0,0,0,0,0,2026-07-31
721913,Paving Plant Operators,Tier 4 — Short-Term / Regional State-Nominated Occupations,VETASSESS,Vocational Education and Training Assessment Services,ROL,N/A (Not on 189 List),70,65,0,0,0,0,0,0,0,0,0,0,0,0,2026-07-31
721914,Railway Track Plant Operators,Tier 4 — Short-Term / Regional State-Nominated Occupations,VETASSESS,Vocational Education and Training Assessment Services,ROL,N/A (Not on 189 List),70,65,0,0,0,0,0,0,0,0,0,0,0,0,2026-07-31
721915,Road Roller Operators,Tier 4 — Short-Term / Regional State-Nominated Occupations,VETASSESS,Vocational Education and Training Assessment Services,ROL,N/A (Not on 189 List),70,65,0,0,0,0,0,0,0,0,0,0,0,0,2026-07-31
721916,Streetsweeper Operators,Tier 4 — Short-Term / Regional State-Nominated Occupations,VETASSESS,Vocational Education and Training Assessment Services,ROL,N/A (Not on 189 List),70,65,0,0,0,0,0,0,0,0,0,0,0,0,2026-07-31
721999,Mobile Plant Operators (not covered elsewhere),Tier 4 — Short-Term / Regional State-Nominated Occupations,VETASSESS,Vocational Education and Training Assessment Services,ROL,N/A (Not on 189 List),70,65,0,0,0,0,0,0,0,0,0,0,0,0,2026-07-31
731111,Chauffeurs,Tier 4 — Short-Term / Regional State-Nominated Occupations,VETASSESS,Vocational Education and Training Assessment Services,ROL,N/A (Not on 189 List),70,65,0,0,0,0,0,0,0,0,0,0,0,0,2026-07-31
731112,Taxi Drivers,Tier 4 — Short-Term / Regional State-Nominated Occupations,VETASSESS,Vocational Education and Training Assessment Services,ROL,N/A (Not on 189 List),70,65,0,0,0,0,0,0,0,0,0,0,0,0,2026-07-31
731199,Other Automobile Drivers,Tier 4 — Short-Term / Regional State-Nominated Occupations,VETASSESS,Vocational Education and Training Assessment Services,ROL,N/A (Not on 189 List),70,65,0,0,0,0,0,0,0,0,0,0,0,0,2026-07-31
731211,Bus Drivers,Tier 4 — Short-Term / Regional State-Nominated Occupations,VETASSESS,Vocational Education and Training Assessment Services,ROL,N/A (Not on 189 List),70,65,0,0,0,0,0,0,0,0,0,0,0,0,2026-07-31
731212,Charter and Tour Bus Drivers,Tier 4 — Short-Term / Regional State-Nominated Occupations,VETASSESS,Vocational Education and Training Assessment Services,ROL,N/A (Not on 189 List),70,65,0,0,0,0,0,0,0,0,0,0,0,0,2026-07-31
731213,Passenger Coach Drivers,Tier 4 — Short-Term / Regional State-Nominated Occupations,VETASSESS,Vocational Education and Training Assessment Services,ROL,N/A (Not on 189 List),70,65,0,0,0,0,0,0,0,0,0,0,0,0,2026-07-31
731311,Train Drivers,Tier 4 — Short-Term / Regional State-Nominated Occupations,VETASSESS,Vocational Education and Training Assessment Services,ROL,N/A (Not on 189 List),70,65,0,0,0,0,0,0,0,0,0,0,0,0,2026-07-31
731312,Tram Drivers,Tier 4 — Short-Term / Regional State-Nominated Occupations,VETASSESS,Vocational Education and Training Assessment Services,ROL,N/A (Not on 189 List),70,65,0,0,0,0,0,0,0,0,0,0,0,0,2026-07-31
733111,Truck Drivers (General),Tier 4 — Short-Term / Regional State-Nominated Occupations,VETASSESS,Vocational Education and Training Assessment Services,ROL,N/A (Not on 189 List),70,65,0,0,0,0,0,0,0,0,0,0,0,0,2026-07-31
733112,Aircraft Refuellers,Tier 4 — Short-Term / Regional State-Nominated Occupations,VETASSESS,Vocational Education and Training Assessment Services,ROL,N/A (Not on 189 List),70,65,0,0,0,0,0,0,0,0,0,0,0,0,2026-07-31
733113,Furniture Removalist Drivers,Tier 4 — Short-Term / Regional State-Nominated Occupations,VETASSESS,Vocational Education and Training Assessment Services,ROL,N/A (Not on 189 List),70,65,0,0,0,0,0,0,0,0,0,0,0,0,2026-07-31
733114,Tanker Drivers,Tier 4 — Short-Term / Regional State-Nominated Occupations,VETASSESS,Vocational Education and Training Assessment Services,ROL,N/A (Not on 189 List),70,65,0,0,0,0,0,0,0,0,0,0,0,0,2026-07-31
733115,Tow Truck Drivers,Tier 4 — Short-Term / Regional State-Nominated Occupations,VETASSESS,Vocational Education and Training Assessment Services,ROL,N/A (Not on 189 List),70,65,0,0,0,0,0,0,0,0,0,0,0,0,2026-07-31
811411,Commercial Housekeepers,Tier 4 — Short-Term / Regional State-Nominated Occupations,VETASSESS,Vocational Education and Training Assessment Services,ROL,N/A (Not on 189 List),70,65,0,0,0,0,0,0,0,0,0,0,0,0,2026-07-31
811412,Domestic Housekeepers,Tier 4 — Short-Term / Regional State-Nominated Occupations,VETASSESS,Vocational Education and Training Assessment Services,ROL,N/A (Not on 189 List),70,65,0,0,0,0,0,0,0,0,0,0,0,0,2026-07-31
811511,Laundry Workers (General),Tier 4 — Short-Term / Regional State-Nominated Occupations,VETASSESS,Vocational Education and Training Assessment Services,ROL,N/A (Not on 189 List),70,65,0,0,0,0,0,0,0,0,0,0,0,0,2026-07-31
811512,Drycleaners,Tier 4 — Short-Term / Regional State-Nominated Occupations,VETASSESS,Vocational Education and Training Assessment Services,ROL,N/A (Not on 189 List),70,65,0,0,0,0,0,0,0,0,0,0,0,0,2026-07-31
811513,Ironers and Pressers,Tier 4 — Short-Term / Regional State-Nominated Occupations,VETASSESS,Vocational Education and Training Assessment Services,ROL,N/A (Not on 189 List),70,65,0,0,0,0,0,0,0,0,0,0,0,0,2026-07-31
811611,Carpet Cleaners,Tier 4 — Short-Term / Regional State-Nominated Occupations,VETASSESS,Vocational Education and Training Assessment Services,ROL,N/A (Not on 189 List),70,65,0,0,0,0,0,0,0,0,0,0,0,0,2026-07-31
811612,Window Cleaners,Tier 4 — Short-Term / Regional State-Nominated Occupations,VETASSESS,Vocational Education and Training Assessment Services,ROL,N/A (Not on 189 List),70,65,0,0,0,0,0,0,0,0,0,0,0,0,2026-07-31
811699,Cleaners (not covered elsewhere),Tier 4 — Short-Term / Regional State-Nominated Occupations,VETASSESS,Vocational Education and Training Assessment Services,ROL,N/A (Not on 189 List),70,65,0,0,0,0,0,0,0,0,0,0,0,0,2026-07-31
821111,Builder's Labourers,Tier 4 — Short-Term / Regional State-Nominated Occupations,VETASSESS,Vocational Education and Training Assessment Services,ROL,N/A (Not on 189 List),70,65,0,0,0,0,0,0,0,0,0,0,0,0,2026-07-31
821112,"Drainage, Sewerage and Stormwater Labourers",Tier 4 — Short-Term / Regional State-Nominated Occupations,VETASSESS,Vocational Education and Training Assessment Services,ROL,N/A (Not on 189 List),70,65,0,0,0,0,0,0,0,0,0,0,0,0,2026-07-31
821113,Earthmoving Labourers,Tier 4 — Short-Term / Regional State-Nominated Occupations,VETASSESS,Vocational Education and Training Assessment Services,ROL,N/A (Not on 189 List),70,65,0,0,0,0,0,0,0,0,0,0,0,0,2026-07-31
821114,Plumber's Assistants,Tier 4 — Short-Term / Regional State-Nominated Occupations,VETASSESS,Vocational Education and Training Assessment Services,ROL,N/A (Not on 189 List),70,65,0,0,0,0,0,0,0,0,0,0,0,0,2026-07-31
821411,Building Insulation Installers,Tier 4 — Short-Term / Regional State-Nominated Occupations,VETASSESS,Vocational Education and Training Assessment Services,ROL,N/A (Not on 189 List),70,65,0,0,0,0,0,0,0,0,0,0,0,0,2026-07-31
821412,Home Improvement Installers,Tier 4 — Short-Term / Regional State-Nominated Occupations,VETASSESS,Vocational Education and Training Assessment Services,ROL,N/A (Not on 189 List),70,65,0,0,0,0,0,0,0,0,0,0,0,0,2026-07-31
821711,Construction Riggers,Tier 4 — Short-Term / Regional State-Nominated Occupations,VETASSESS,Vocational Education and Training Assessment Services,ROL,N/A (Not on 189 List),70,65,0,0,0,0,0,0,0,0,0,0,0,0,2026-07-31
821712,Scaffolders,Tier 4 — Short-Term / Regional State-Nominated Occupations,VETASSESS,Vocational Education and Training Assessment Services,ROL,N/A (Not on 189 List),70,65,0,0,0,0,0,0,0,0,0,0,0,0,2026-07-31
821713,Steel Fixers,Tier 4 — Short-Term / Regional State-Nominated Occupations,VETASSESS,Vocational Education and Training Assessment Services,ROL,N/A (Not on 189 List),70,65,0,0,0,0,0,0,0,0,0,0,0,0,2026-07-31
821714,Structural Steel Erectors,Tier 4 — Short-Term / Regional State-Nominated Occupations,VETASSESS,Vocational Education and Training Assessment Services,ROL,N/A (Not on 189 List),70,65,0,0,0,0,0,0,0,0,0,0,0,0,2026-07-31
821911,Crane Chasers,Tier 4 — Short-Term / Regional State-Nominated Occupations,VETASSESS,Vocational Education and Training Assessment Services,ROL,N/A (Not on 189 List),70,65,0,0,0,0,0,0,0,0,0,0,0,0,2026-07-31
821912,Driller's Assistants,Tier 4 — Short-Term / Regional State-Nominated Occupations,VETASSESS,Vocational Education and Training Assessment Services,ROL,N/A (Not on 189 List),70,65,0,0,0,0,0,0,0,0,0,0,0,0,2026-07-31
821913,Laggers,Tier 4 — Short-Term / Regional State-Nominated Occupations,VETASSESS,Vocational Education and Training Assessment Services,ROL,N/A (Not on 189 List),70,65,0,0,0,0,0,0,0,0,0,0,0,0,2026-07-31
821914,Mining Support Workers,Tier 4 — Short-Term / Regional State-Nominated Occupations,VETASSESS,Vocational Education and Training Assessment Services,ROL,N/A (Not on 189 List),70,65,0,0,0,0,0,0,0,0,0,0,0,0,2026-07-31
821915,Surveyor's Assistants,Tier 4 — Short-Term / Regional State-Nominated Occupations,VETASSESS,Vocational Education and Training Assessment Services,ROL,N/A (Not on 189 List),70,65,0,0,0,0,0,0,0,0,0,0,0,0,2026-07-31
831111,Baking Factory Workers,Tier 4 — Short-Term / Regional State-Nominated Occupations,VETASSESS,Vocational Education and Training Assessment Services,ROL,N/A (Not on 189 List),70,65,0,0,0,0,0,0,0,0,0,0,0,0,2026-07-31
831112,Brewery Workers,Tier 4 — Short-Term / Regional State-Nominated Occupations,VETASSESS,Vocational Education and Training Assessment Services,ROL,N/A (Not on 189 List),70,65,0,0,0,0,0,0,0,0,0,0,0,0,2026-07-31
831113,Confectionery Makers,Tier 4 — Short-Term / Regional State-Nominated Occupations,VETASSESS,Vocational Education and Training Assessment Services,ROL,N/A (Not on 189 List),70,65,0,0,0,0,0,0,0,0,0,0,0,0,2026-07-31
831114,Dairy Products Makers,Tier 4 — Short-Term / Regional State-Nominated Occupations,VETASSESS,Vocational Education and Training Assessment Services,ROL,N/A (Not on 189 List),70,65,0,0,0,0,0,0,0,0,0,0,0,0,2026-07-31
831115,Fruit and Vegetable Factory Workers,Tier 4 — Short-Term / Regional State-Nominated Occupations,VETASSESS,Vocational Education and Training Assessment Services,ROL,N/A (Not on 189 List),70,65,0,0,0,0,0,0,0,0,0,0,0,0,2026-07-31
831116,Grain Mill Workers,Tier 4 — Short-Term / Regional State-Nominated Occupations,VETASSESS,Vocational Education and Training Assessment Services,ROL,N/A (Not on 189 List),70,65,0,0,0,0,0,0,0,0,0,0,0,0,2026-07-31
831117,Sugar Mill Workers,Tier 4 — Short-Term / Regional State-Nominated Occupations,VETASSESS,Vocational Education and Training Assessment Services,ROL,N/A (Not on 189 List),70,65,0,0,0,0,0,0,0,0,0,0,0,0,2026-07-31
831118,Winery Cellar Hands,Tier 4 — Short-Term / Regional State-Nominated Occupations,VETASSESS,Vocational Education and Training Assessment Services,ROL,N/A (Not on 189 List),70,65,0,0,0,0,0,0,0,0,0,0,0,0,2026-07-31
831199,Other Food and Drink Factory Workers,Tier 4 — Short-Term / Regional State-Nominated Occupations,VETASSESS,Vocational Education and Training Assessment Services,ROL,N/A (Not on 189 List),70,65,0,0,0,0,0,0,0,0,0,0,0,0,2026-07-31
831211,Meat Boners and Slicers,Tier 4 — Short-Term / Regional State-Nominated Occupations,VETASSESS,Vocational Education and Training Assessment Services,ROL,N/A (Not on 189 List),70,65,0,0,0,0,0,0,0,0,0,0,0,0,2026-07-31
831212,Slaughterers,Tier 4 — Short-Term / Regional State-Nominated Occupations,VETASSESS,Vocational Education and Training Assessment Services,ROL,N/A (Not on 189 List),70,65,0,0,0,0,0,0,0,0,0,0,0,0,2026-07-31
831311,Meat Process Workers,Tier 4 — Short-Term / Regional State-Nominated Occupations,VETASSESS,Vocational Education and Training Assessment Services,ROL,N/A (Not on 189 List),70,65,0,0,0,0,0,0,0,0,0,0,0,0,2026-07-31
831312,Poultry Process Workers,Tier 4 — Short-Term / Regional State-Nominated Occupations,VETASSESS,Vocational Education and Training Assessment Services,ROL,N/A (Not on 189 List),70,65,0,0,0,0,0,0,0,0,0,0,0,0,2026-07-31
831313,Seafood Process Workers,Tier 4 — Short-Term / Regional State-Nominated Occupations,VETASSESS,Vocational Education and Training Assessment Services,ROL,N/A (Not on 189 List),70,65,0,0,0,0,0,0,0,0,0,0,0,0,2026-07-31
832111,Chocolate Packers,Tier 4 — Short-Term / Regional State-Nominated Occupations,VETASSESS,Vocational Education and Training Assessment Services,ROL,N/A (Not on 189 List),70,65,0,0,0,0,0,0,0,0,0,0,0,0,2026-07-31
832112,Container Fillers,Tier 4 — Short-Term / Regional State-Nominated Occupations,VETASSESS,Vocational Education and Training Assessment Services,ROL,N/A (Not on 189 List),70,65,0,0,0,0,0,0,0,0,0,0,0,0,2026-07-31
832113,Fruit and Vegetable Packers,Tier 4 — Short-Term / Regional State-Nominated Occupations,VETASSESS,Vocational Education and Training Assessment Services,ROL,N/A (Not on 189 List),70,65,0,0,0,0,0,0,0,0,0,0,0,0,2026-07-31
832114,Meat Packers,Tier 4 — Short-Term / Regional State-Nominated Occupations,VETASSESS,Vocational Education and Training Assessment Services,ROL,N/A (Not on 189 List),70,65,0,0,0,0,0,0,0,0,0,0,0,0,2026-07-31
832115,Seafood Packers,Tier 4 — Short-Term / Regional State-Nominated Occupations,VETASSESS,Vocational Education and Training Assessment Services,ROL,N/A (Not on 189 List),70,65,0,0,0,0,0,0,0,0,0,0,0,0,2026-07-31
832199,Other Packers,Tier 4 — Short-Term / Regional State-Nominated Occupations,VETASSESS,Vocational Education and Training Assessment Services,ROL,N/A (Not on 189 List),70,65,0,0,0,0,0,0,0,0,0,0,0,0,2026-07-31
839211,Plastics Factory Workers,Tier 4 — Short-Term / Regional State-Nominated Occupations,VETASSESS,Vocational Education and Training Assessment Services,ROL,N/A (Not on 189 List),70,65,0,0,0,0,0,0,0,0,0,0,0,0,2026-07-31
839212,Rubber Factory Workers,Tier 4 — Short-Term / Regional State-Nominated Occupations,VETASSESS,Vocational Education and Training Assessment Services,ROL,N/A (Not on 189 List),70,65,0,0,0,0,0,0,0,0,0,0,0,0,2026-07-31
839311,Product Examiners,Tier 4 — Short-Term / Regional State-Nominated Occupations,VETASSESS,Vocational Education and Training Assessment Services,ROL,N/A (Not on 189 List),70,65,0,0,0,0,0,0,0,0,0,0,0,0,2026-07-31
839312,Product Graders,Tier 4 — Short-Term / Regional State-Nominated Occupations,VETASSESS,Vocational Education and Training Assessment Services,ROL,N/A (Not on 189 List),70,65,0,0,0,0,0,0,0,0,0,0,0,0,2026-07-31
839313,Product Testers,Tier 4 — Short-Term / Regional State-Nominated Occupations,VETASSESS,Vocational Education and Training Assessment Services,ROL,N/A (Not on 189 List),70,65,0,0,0,0,0,0,0,0,0,0,0,0,2026-07-31
839411,Paper and Pulp Mill Workers,Tier 4 — Short-Term / Regional State-Nominated Occupations,VETASSESS,Vocational Education and Training Assessment Services,ROL,N/A (Not on 189 List),70,65,0,0,0,0,0,0,0,0,0,0,0,0,2026-07-31
839412,Sawmill and Timber Yard Workers,Tier 4 — Short-Term / Regional State-Nominated Occupations,VETASSESS,Vocational Education and Training Assessment Services,ROL,N/A (Not on 189 List),70,65,0,0,0,0,0,0,0,0,0,0,0,0,2026-07-31
839413,Wood and Wood Products Factory Workers,Tier 4 — Short-Term / Regional State-Nominated Occupations,VETASSESS,Vocational Education and Training Assessment Services,ROL,N/A (Not on 189 List),70,65,0,0,0,0,0,0,0,0,0,0,0,0,2026-07-31
839911,Cement and Concrete Plant Workers,Tier 4 — Short-Term / Regional State-Nominated Occupations,VETASSESS,Vocational Education and Training Assessment Services,ROL,N/A (Not on 189 List),70,65,0,0,0,0,0,0,0,0,0,0,0,0,2026-07-31
839912,Chemical Plant Workers,Tier 4 — Short-Term / Regional State-Nominated Occupations,VETASSESS,Vocational Education and Training Assessment Services,ROL,N/A (Not on 189 List),70,65,0,0,0,0,0,0,0,0,0,0,0,0,2026-07-31
839913,Clay Processing Factory Workers,Tier 4 — Short-Term / Regional State-Nominated Occupations,VETASSESS,Vocational Education and Training Assessment Services,ROL,N/A (Not on 189 List),70,65,0,0,0,0,0,0,0,0,0,0,0,0,2026-07-31
839914,Fabric and Textile Factory Workers,Tier 4 — Short-Term / Regional State-Nominated Occupations,VETASSESS,Vocational Education and Training Assessment Services,ROL,N/A (Not on 189 List),70,65,0,0,0,0,0,0,0,0,0,0,0,0,2026-07-31
839915,Footwear Factory Workers,Tier 4 — Short-Term / Regional State-Nominated Occupations,VETASSESS,Vocational Education and Training Assessment Services,ROL,N/A (Not on 189 List),70,65,0,0,0,0,0,0,0,0,0,0,0,0,2026-07-31
839916,Glass Processing Workers,Tier 4 — Short-Term / Regional State-Nominated Occupations,VETASSESS,Vocational Education and Training Assessment Services,ROL,N/A (Not on 189 List),70,65,0,0,0,0,0,0,0,0,0,0,0,0,2026-07-31
839917,Hide and Skin Processing Workers,Tier 4 — Short-Term / Regional State-Nominated Occupations,VETASSESS,Vocational Education and Training Assessment Services,ROL,N/A (Not on 189 List),70,65,0,0,0,0,0,0,0,0,0,0,0,0,2026-07-31
839918,Recycling Workers,Tier 4 — Short-Term / Regional State-Nominated Occupations,VETASSESS,Vocational Education and Training Assessment Services,ROL,N/A (Not on 189 List),70,65,0,0,0,0,0,0,0,0,0,0,0,0,2026-07-31
839999,Factory Process Workers (not covered elsewhere),Tier 4 — Short-Term / Regional State-Nominated Occupations,VETASSESS,Vocational Education and Training Assessment Services,ROL,N/A (Not on 189 List),70,65,0,0,0,0,0,0,0,0,0,0,0,0,2026-07-31
841211,Fruit and Nut Farm Workers,Tier 4 — Short-Term / Regional State-Nominated Occupations,VETASSESS,Vocational Education and Training Assessment Services,ROL,N/A (Not on 189 List),70,65,0,0,0,0,0,0,0,0,0,0,0,0,2026-07-31
841212,Fruit and Nut Pickers,Tier 4 — Short-Term / Regional State-Nominated Occupations,VETASSESS,Vocational Education and Training Assessment Services,ROL,N/A (Not on 189 List),70,65,0,0,0,0,0,0,0,0,0,0,0,0,2026-07-31
841213,"Grain, Oilseed and Pasture Farm Workers",Tier 4 — Short-Term / Regional State-Nominated Occupations,VETASSESS,Vocational Education and Training Assessment Services,ROL,N/A (Not on 189 List),70,65,0,0,0,0,0,0,0,0,0,0,0,0,2026-07-31
841214,Vegetable Farm Workers,Tier 4 — Short-Term / Regional State-Nominated Occupations,VETASSESS,Vocational Education and Training Assessment Services,ROL,N/A (Not on 189 List),70,65,0,0,0,0,0,0,0,0,0,0,0,0,2026-07-31
841215,Vegetable Pickers,Tier 4 — Short-Term / Regional State-Nominated Occupations,VETASSESS,Vocational Education and Training Assessment Services,ROL,N/A (Not on 189 List),70,65,0,0,0,0,0,0,0,0,0,0,0,0,2026-07-31
841216,Vineyard Workers,Tier 4 — Short-Term / Regional State-Nominated Occupations,VETASSESS,Vocational Education and Training Assessment Services,ROL,N/A (Not on 189 List),70,65,0,0,0,0,0,0,0,0,0,0,0,0,2026-07-31
841217,Mushroom Pickers,Tier 4 — Short-Term / Regional State-Nominated Occupations,VETASSESS,Vocational Education and Training Assessment Services,ROL,N/A (Not on 189 List),70,65,0,0,0,0,0,0,0,0,0,0,0,0,2026-07-31
841299,Other Crop Farm Workers,Tier 4 — Short-Term / Regional State-Nominated Occupations,VETASSESS,Vocational Education and Training Assessment Services,ROL,N/A (Not on 189 List),70,65,0,0,0,0,0,0,0,0,0,0,0,0,2026-07-31
841311,Forestry Workers,Tier 4 — Short-Term / Regional State-Nominated Occupations,VETASSESS,Vocational Education and Training Assessment Services,ROL,N/A (Not on 189 List),70,65,0,0,0,0,0,0,0,0,0,0,0,0,2026-07-31
841312,Logging Assistants,Tier 4 — Short-Term / Regional State-Nominated Occupations,VETASSESS,Vocational Education and Training Assessment Services,ROL,N/A (Not on 189 List),70,65,0,0,0,0,0,0,0,0,0,0,0,0,2026-07-31
841313,Tree Fallers,Tier 4 — Short-Term / Regional State-Nominated Occupations,VETASSESS,Vocational Education and Training Assessment Services,ROL,N/A (Not on 189 List),70,65,0,0,0,0,0,0,0,0,0,0,0,0,2026-07-31
841411,Garden Labourers,Tier 4 — Short-Term / Regional State-Nominated Occupations,VETASSESS,Vocational Education and Training Assessment Services,ROL,N/A (Not on 189 List),70,65,0,0,0,0,0,0,0,0,0,0,0,0,2026-07-31
841412,Nursery Hands (Horticulture),Tier 4 — Short-Term / Regional State-Nominated Occupations,ANMAC,Australian Nursing and Midwifery Accreditation Council,ROL,N/A (Not on 189 List),70,65,0,0,0,0,0,0,0,0,0,0,0,0,2026-07-31
841511,Beef Cattle Farm Workers,Tier 4 — Short-Term / Regional State-Nominated Occupations,VETASSESS,Vocational Education and Training Assessment Services,ROL,N/A (Not on 189 List),70,65,0,0,0,0,0,0,0,0,0,0,0,0,2026-07-31
841512,Dairy Cattle Farm Workers,Tier 4 — Short-Term / Regional State-Nominated Occupations,VETASSESS,Vocational Education and Training Assessment Services,ROL,N/A (Not on 189 List),70,65,0,0,0,0,0,0,0,0,0,0,0,0,2026-07-31
841513,Mixed Livestock Farm Workers,Tier 4 — Short-Term / Regional State-Nominated Occupations,VETASSESS,Vocational Education and Training Assessment Services,ROL,N/A (Not on 189 List),70,65,0,0,0,0,0,0,0,0,0,0,0,0,2026-07-31
841514,Poultry Farm Workers,Tier 4 — Short-Term / Regional State-Nominated Occupations,VETASSESS,Vocational Education and Training Assessment Services,ROL,N/A (Not on 189 List),70,65,0,0,0,0,0,0,0,0,0,0,0,0,2026-07-31
841515,Sheep Farm Workers,Tier 4 — Short-Term / Regional State-Nominated Occupations,VETASSESS,Vocational Education and Training Assessment Services,ROL,N/A (Not on 189 List),70,65,0,0,0,0,0,0,0,0,0,0,0,0,2026-07-31
841516,Stablehands,Tier 4 — Short-Term / Regional State-Nominated Occupations,VETASSESS,Vocational Education and Training Assessment Services,ROL,N/A (Not on 189 List),70,65,0,0,0,0,0,0,0,0,0,0,0,0,2026-07-31
841517,Wool Handlers,Tier 4 — Short-Term / Regional State-Nominated Occupations,VETASSESS,Vocational Education and Training Assessment Services,ROL,N/A (Not on 189 List),70,65,0,0,0,0,0,0,0,0,0,0,0,0,2026-07-31
841599,Other Livestock Farm Workers,Tier 4 — Short-Term / Regional State-Nominated Occupations,VETASSESS,Vocational Education and Training Assessment Services,ROL,N/A (Not on 189 List),70,65,0,0,0,0,0,0,0,0,0,0,0,0,2026-07-31
841911,Hunter-Trappers,Tier 4 — Short-Term / Regional State-Nominated Occupations,VETASSESS,Vocational Education and Training Assessment Services,ROL,N/A (Not on 189 List),70,65,0,0,0,0,0,0,0,0,0,0,0,0,2026-07-31
841913,Pest Controllers,Tier 4 — Short-Term / Regional State-Nominated Occupations,VETASSESS,Vocational Education and Training Assessment Services,ROL,N/A (Not on 189 List),70,65,0,0,0,0,0,0,0,0,0,0,0,0,2026-07-31
841999,"Farm, Forestry and Garden Workers (not covered elsewhere)",Tier 4 — Short-Term / Regional State-Nominated Occupations,VETASSESS,Vocational Education and Training Assessment Services,ROL,N/A (Not on 189 List),70,65,0,0,0,0,0,0,0,0,0,0,0,0,2026-07-31
851211,Pastrycook's Assistants,Tier 4 — Short-Term / Regional State-Nominated Occupations,VETASSESS,Vocational Education and Training Assessment Services,ROL,N/A (Not on 189 List),70,65,0,0,0,0,0,0,0,0,0,0,0,0,2026-07-31
851299,Other Food Trades Assistants,Tier 4 — Short-Term / Regional State-Nominated Occupations,VETASSESS,Vocational Education and Training Assessment Services,ROL,N/A (Not on 189 List),70,65,0,0,0,0,0,0,0,0,0,0,0,0,2026-07-31
891111,Freight Handlers (Rail or Road),Tier 4 — Short-Term / Regional State-Nominated Occupations,VETASSESS,Vocational Education and Training Assessment Services,ROL,N/A (Not on 189 List),70,65,0,0,0,0,0,0,0,0,0,0,0,0,2026-07-31
891112,Truck Driver's Offsiders,Tier 4 — Short-Term / Regional State-Nominated Occupations,VETASSESS,Vocational Education and Training Assessment Services,ROL,N/A (Not on 189 List),70,65,0,0,0,0,0,0,0,0,0,0,0,0,2026-07-31
891113,Waterside Workers,Tier 4 — Short-Term / Regional State-Nominated Occupations,VETASSESS,Vocational Education and Training Assessment Services,ROL,N/A (Not on 189 List),70,65,0,0,0,0,0,0,0,0,0,0,0,0,2026-07-31
899211,Deck Hands,Tier 4 — Short-Term / Regional State-Nominated Occupations,VETASSESS,Vocational Education and Training Assessment Services,ROL,N/A (Not on 189 List),70,65,0,0,0,0,0,0,0,0,0,0,0,0,2026-07-31
899212,Fishing Hands,Tier 4 — Short-Term / Regional State-Nominated Occupations,VETASSESS,Vocational Education and Training Assessment Services,ROL,N/A (Not on 189 List),70,65,0,0,0,0,0,0,0,0,0,0,0,0,2026-07-31
899411,Motor Vehicle Parts and Accessories Fitters (General),Tier 4 — Short-Term / Regional State-Nominated Occupations,VETASSESS,Vocational Education and Training Assessment Services,ROL,N/A (Not on 189 List),70,65,0,0,0,0,0,0,0,0,0,0,0,0,2026-07-31
899412,Autoglaziers,Tier 4 — Short-Term / Regional State-Nominated Occupations,VETASSESS,Vocational Education and Training Assessment Services,ROL,N/A (Not on 189 List),70,65,0,0,0,0,0,0,0,0,0,0,0,0,2026-07-31
899413,Exhaust and Muffler Repairers,Tier 4 — Short-Term / Regional State-Nominated Occupations,VETASSESS,Vocational Education and Training Assessment Services,ROL,N/A (Not on 189 List),70,65,0,0,0,0,0,0,0,0,0,0,0,0,2026-07-31
899414,Radiator Repairers,Tier 4 — Short-Term / Regional State-Nominated Occupations,VETASSESS,Vocational Education and Training Assessment Services,ROL,N/A (Not on 189 List),70,65,0,0,0,0,0,0,0,0,0,0,0,0,2026-07-31
899415,Tyre Fitters,Tier 4 — Short-Term / Regional State-Nominated Occupations,VETASSESS,Vocational Education and Training Assessment Services,ROL,N/A (Not on 189 List),70,65,0,0,0,0,0,0,0,0,0,0,0,0,2026-07-31
899511,Printer's Assistants,Tier 4 — Short-Term / Regional State-Nominated Occupations,VETASSESS,Vocational Education and Training Assessment Services,ROL,N/A (Not on 189 List),70,65,0,0,0,0,0,0,0,0,0,0,0,0,2026-07-31
899512,Printing Table Workers,Tier 4 — Short-Term / Regional State-Nominated Occupations,VETASSESS,Vocational Education and Training Assessment Services,ROL,N/A (Not on 189 List),70,65,0,0,0,0,0,0,0,0,0,0,0,0,2026-07-31
899911,Bicycle Mechanics,Tier 4 — Short-Term / Regional State-Nominated Occupations,VETASSESS,Vocational Education and Training Assessment Services,ROL,N/A (Not on 189 List),70,65,0,0,0,0,0,0,0,0,0,0,0,0,2026-07-31
899912,Car Park Attendants,Tier 4 — Short-Term / Regional State-Nominated Occupations,VETASSESS,Vocational Education and Training Assessment Services,ROL,N/A (Not on 189 List),70,65,0,0,0,0,0,0,0,0,0,0,0,0,2026-07-31
899913,Crossing Supervisors,Tier 4 — Short-Term / Regional State-Nominated Occupations,VETASSESS,Vocational Education and Training Assessment Services,ROL,N/A (Not on 189 List),70,65,0,0,0,0,0,0,0,0,0,0,0,0,2026-07-31
899914,Electrical and Telecommunications Trades Assistants,Tier 4 — Short-Term / Regional State-Nominated Occupations,VETASSESS,Vocational Education and Training Assessment Services,ROL,N/A (Not on 189 List),70,65,0,0,0,0,0,0,0,0,0,0,0,0,2026-07-31
899915,Leaflet and Newspaper Deliverers,Tier 4 — Short-Term / Regional State-Nominated Occupations,VETASSESS,Vocational Education and Training Assessment Services,ROL,N/A (Not on 189 List),70,65,0,0,0,0,0,0,0,0,0,0,0,0,2026-07-31
899916,Mechanic's Assistants,Tier 4 — Short-Term / Regional State-Nominated Occupations,VETASSESS,Vocational Education and Training Assessment Services,ROL,N/A (Not on 189 List),70,65,0,0,0,0,0,0,0,0,0,0,0,0,2026-07-31
899917,Railways Assistants,Tier 4 — Short-Term / Regional State-Nominated Occupations,VETASSESS,Vocational Education and Training Assessment Services,ROL,N/A (Not on 189 List),70,65,0,0,0,0,0,0,0,0,0,0,0,0,2026-07-31
899918,Sign Erectors,Tier 4 — Short-Term / Regional State-Nominated Occupations,VETASSESS,Vocational Education and Training Assessment Services,ROL,N/A (Not on 189 List),70,65,0,0,0,0,0,0,0,0,0,0,0,0,2026-07-31
899921,Ticket Collectors and Ushers,Tier 4 — Short-Term / Regional State-Nominated Occupations,VETASSESS,Vocational Education and Training Assessment Services,ROL,N/A (Not on 189 List),70,65,0,0,0,0,0,0,0,0,0,0,0,0,2026-07-31
899922,Trolley Collectors,Tier 4 — Short-Term / Regional State-Nominated Occupations,VETASSESS,Vocational Education and Training Assessment Services,ROL,N/A (Not on 189 List),70,65,0,0,0,0,0,0,0,0,0,0,0,0,2026-07-31
899923,Road Traffic Controllers,Tier 4 — Short-Term / Regional State-Nominated Occupations,VETASSESS,Vocational Education and Training Assessment Services,ROL,N/A (Not on 189 List),70,65,0,0,0,0,0,0,0,0,0,0,0,0,2026-07-31
899999,Labourers (not covered elsewhere),Tier 4 — Short-Term / Regional State-Nominated Occupations,VETASSESS,Vocational Education and Training Assessment Services,ROL,N/A (Not on 189 List),70,65,0,0,0,0,0,0,0,0,0,0,0,0,2026-07-31
